,Product_ID,Perc_Qtd_Daily,Perc_Qtd_Weekly,Perc_Qtd_Monthly
0,OFF-AP-10000026,0.45966810966810956,0.07778903026723134,0.01321421506526201
1,OFF-AP-10000027,0.20501561280249803,0.03833639816410791,0.007458400710007201
2,OFF-AP-10000055,0.1400272929684694,0.04445687940006121,0.009918484889831596
3,OFF-AP-10000124,0.2153846153846154,0.0458128078817734,0.017919815550147305
4,OFF-AP-10000159,0.1310897435897436,0.03808979791835245,0.008729210918130316
5,OFF-AP-10000179,0.2777777777777778,0.04474885844748858,0.010035358348923953
6,OFF-AP-10000240,0.3215826330532213,0.036621848739495796,0.008435260033589966
7,OFF-AP-10000252,0.1803640116333615,0.034927647361675564,0.008526217504545677
8,OFF-AP-10000275,0.4511904761904762,0.09325641416310003,0.021100554907482073
9,OFF-AP-10000326,0.18518518518518517,0.06493506493506493,0.02617801047120419
10,OFF-AP-10000358,0.22486479064383683,0.04671864935278159,0.009261960379375427
11,OFF-AP-10000390,0.21587301587301586,0.037981859410430835,0.006871293401534109
12,OFF-AP-10000576,0.20129682409094177,0.0702505691118651,0.010155766002809232
13,OFF-AP-10000595,0.17030428977517442,0.05653717627401838,0.009594648736646134
14,OFF-AP-10000692,0.362037037037037,0.0595542810601655,0.015554743662054898
15,OFF-AP-10000696,0.32260644149231105,0.08434969359277898,0.011012838513764127
16,OFF-AP-10000804,0.3757936507936508,0.1158051787118951,0.02071288924657518
17,OFF-AP-10000828,0.16867713578239893,0.04993314023218872,0.010128634862647793
18,OFF-AP-10000891,0.1349302468534247,0.030109714809629477,0.006938309043598772
19,OFF-AP-10000938,0.5069274475524476,0.08968551827189039,0.014865809793732598
20,OFF-AP-10001005,0.4625000000000001,0.06977801758304787,0.011473706391043547
21,OFF-AP-10001058,0.1667857142857143,0.04005091589201308,0.008992811850594258
22,OFF-AP-10001124,0.6666666666666666,0.16666666666666666,0.0213903743315508
23,OFF-AP-10001154,0.17657755955628296,0.036882166522615965,0.01005039431361808
24,OFF-AP-10001205,0.3053428194148275,0.07722686838147057,0.01793155144251953
25,OFF-AP-10001242,0.19510148321623727,0.019310733830616236,0.005008425257099088
26,OFF-AP-10001271,0.16798457865531036,0.024865347635115123,0.0073532806485954475
27,OFF-AP-10001293,0.1652040191272601,0.08319787723322332,0.01624164785767331
28,OFF-AP-10001303,0.3283617424242424,0.05822849025974026,0.012468235456763479
29,OFF-AP-10001366,0.22191531294792163,0.050158308729712484,0.010820084530113124
30,OFF-AP-10001391,0.4602272727272727,0.18043478260869567,0.032976149325959214
31,OFF-AP-10001394,0.27304761904761904,0.049388651303371965,0.008168338342573817
32,OFF-AP-10001469,0.2685897435897436,0.04286403995490535,0.009963122976404722
33,OFF-AP-10001492,0.22218593445866175,0.06303266993791654,0.013959886804736752
34,OFF-AP-10001563,0.3713636774506339,0.03927666698251345,0.008817195731212398
35,OFF-AP-10001564,0.07642602495543672,0.04063619472315125,0.004591031398161651
36,OFF-AP-10001626,0.27066981288292763,0.033453809628647586,0.006290049976101862
37,OFF-AP-10001634,0.17763157894736842,0.042582417582417584,0.007535094675626417
38,OFF-AP-10001947,0.22275171015372586,0.0557477828650375,0.011486300691787979
39,OFF-AP-10001962,0.21775507952270612,0.050735912164483594,0.010526661708046201
40,OFF-AP-10002082,0.13780497918428952,0.03297018067219388,0.004950921330011649
41,OFF-AP-10002118,0.09850774639573079,0.02048168740241015,0.006357831397403021
42,OFF-AP-10002191,0.15168056081849185,0.037544095326611314,0.00823818856319151
43,OFF-AP-10002203,0.2,0.020202020202020204,0.004784688995215311
44,OFF-AP-10002222,0.14576719576719574,0.07755955747683689,0.011487008804827656
45,OFF-AP-10002287,0.3401660791690116,0.07027103645880793,0.012798420704758041
46,OFF-AP-10002311,0.15640280505561102,0.049272381550819234,0.008275363599112259
47,OFF-AP-10002350,0.17728469165443958,0.040530550086831756,0.010312662853894967
48,OFF-AP-10002403,0.414572192513369,0.052919248829278225,0.011287375810837868
49,OFF-AP-10002439,0.40591931216931215,0.10690980602485027,0.015013024991168978
50,OFF-AP-10002457,0.15677542481610307,0.024722596582538905,0.005652050611983552
51,OFF-AP-10002472,0.65,0.2735294117647059,0.01261205279571006
52,OFF-AP-10002495,0.2113617376775271,0.0674969474969475,0.008057762997514229
53,OFF-AP-10002518,0.20916096482134217,0.05474048502180049,0.014972213164276577
54,OFF-AP-10002534,0.1282587064676617,0.03524709940019348,0.007532002564829056
55,OFF-AP-10002578,0.20754123090774637,0.054246060038668234,0.006725576038941195
56,OFF-AP-10002651,0.29071160531023577,0.07807966872277602,0.02028036509530374
57,OFF-AP-10002670,0.22235023041474652,0.02882835228775456,0.004434162328899171
58,OFF-AP-10002684,0.16705151242887092,0.06350500096190481,0.01084946237599911
59,OFF-AP-10002734,0.15789473684210525,0.024,0.005309734513274336
60,OFF-AP-10002765,0.3011771420463255,0.10795871325002682,0.0070089494277803185
61,OFF-AP-10002867,0.12450980392156863,0.025452187443250007,0.006446218561100475
62,OFF-AP-10002892,0.41254162504162506,0.06099706651061305,0.01098080047244339
63,OFF-AP-10002906,0.16940789473684212,0.13690644932671867,0.004063662529303758
64,OFF-AP-10002945,0.26672308476819756,0.08540774306486772,0.01784286117725614
65,OFF-AP-10002998,0.19736842105263155,0.03584641608681264,0.008761686342331505
66,OFF-AP-10003040,0.3240261931051405,0.0576457679993395,0.011231366660879424
67,OFF-AP-10003057,0.43333333333333335,0.05104174176339125,0.011386451895059093
68,OFF-AP-10003099,1.0,0.043010752688172046,0.007042253521126761
69,OFF-AP-10003217,0.25931013431013433,0.052160760587726875,0.00841610213319963
70,OFF-AP-10003266,0.10931030020703934,0.03408459427902604,0.006069631196782312
71,OFF-AP-10003278,0.12628324056895485,0.02239792992322837,0.004157946271594766
72,OFF-AP-10003281,0.1332127476313523,0.037090793552046836,0.007186134031649846
73,OFF-AP-10003287,0.19542131844763425,0.05131546546141205,0.012621105190387859
74,OFF-AP-10003590,0.3772401433691756,0.03926995057064007,0.01026160034779327
75,OFF-AP-10003622,0.24425299359509886,0.08655320286538744,0.012756203575344363
76,OFF-AP-10003779,0.11527777777777777,0.03282560569809972,0.003896623619224407
77,OFF-AP-10003842,0.15920499253832587,0.045398837927902634,0.01254804942475826
78,OFF-AP-10003849,0.15687485686098337,0.029176153307051613,0.006606391170435774
79,OFF-AP-10003860,0.1218946218946219,0.03712222492302706,0.008335322169134447
80,OFF-AP-10003884,0.13636363636363635,0.03409090909090909,0.007177033492822967
81,OFF-AP-10003914,0.13157894736842105,0.030303030303030304,0.010309278350515464
82,OFF-AP-10003971,0.3740632327383564,0.06477448834295965,0.011602852791023943
83,OFF-AP-10004036,0.158683970856102,0.07045795873192351,0.01332365410869454
84,OFF-AP-10004052,0.1899108734402852,0.03728498473462971,0.008852248913185779
85,OFF-AP-10004136,0.19411764705882353,0.036525974025974024,0.006137348566926031
86,OFF-AP-10004233,0.3727272727272727,0.10771581359816654,0.029592533576143866
87,OFF-AP-10004249,0.24402831402831401,0.04593542155652171,0.011625600029396405
88,OFF-AP-10004336,0.4720496894409938,0.05049937825816633,0.010757216553449906
89,OFF-AP-10004487,0.280038611443466,0.05522978792658082,0.016254631109514917
90,OFF-AP-10004532,0.23270676691729322,0.060031834478078853,0.009858291958898055
91,OFF-AP-10004540,0.4872685185185185,0.022871573298117787,0.0072799295259588425
92,OFF-AP-10004655,0.10038986354775828,0.019722726522528468,0.004717299009367208
93,OFF-AP-10004708,0.20835409529741516,0.07510093957643654,0.009184376313052219
94,OFF-AP-10004785,0.13083108715184186,0.03231720456305055,0.010923198956434042
95,OFF-AP-10004859,0.3042862788552444,0.07076973770149884,0.013554683105455934
96,OFF-AP-10004868,0.394467787114846,0.04201358054186933,0.008379649181698319
97,OFF-AP-10004980,0.1253048564338887,0.03277727881550394,0.00960049685842173
98,OFF-AR-10000034,0.25458283902022555,0.06127671146226656,0.011861413892785881
99,OFF-AR-10000122,0.21431760037680483,0.03442813886408179,0.006771357529322904
100,OFF-AR-10000127,0.2537940379403794,0.06793158799059504,0.017661457131032517
101,OFF-AR-10000203,0.32941176470588235,0.03506989231184569,0.009299486664712
102,OFF-AR-10000246,0.44083422842821335,0.06535519446696353,0.011595832301448459
103,OFF-AR-10000255,0.17666666666666667,0.04933881318047444,0.0072773741010031395
104,OFF-AR-10000315,0.1267156862745098,0.02796135998258953,0.009766107808311037
105,OFF-AR-10000369,0.13472222222222222,0.11335845896147405,0.008310373614829766
106,OFF-AR-10000380,0.12086913124519949,0.036550954594405306,0.008449786687312428
107,OFF-AR-10000390,0.28123800802372234,0.03800238348787848,0.009031797901201831
108,OFF-AR-10000411,0.1225,0.025761467889908258,0.008247422680412371
109,OFF-AR-10000422,0.1270157885849375,0.04262072423521114,0.005743300429060874
110,OFF-AR-10000462,0.16415657788539148,0.05296077398778404,0.009234134465150938
111,OFF-AR-10000475,0.28733766233766234,0.036828192429704025,0.006407808032616126
112,OFF-AR-10000538,0.6,0.1229890806034842,0.01843443131308772
113,OFF-AR-10000588,0.3292776292776293,0.055858833042055474,0.0101740430755345
114,OFF-AR-10000614,0.27510775862068965,0.04996031988112849,0.017141875346516355
115,OFF-AR-10000634,0.13342461110318254,0.03468207982619013,0.00885516466194316
116,OFF-AR-10000657,0.38046551724137934,0.06820206884251828,0.014196354139309605
117,OFF-AR-10000658,0.3551021418668478,0.08661650722178846,0.012760573438295845
118,OFF-AR-10000716,0.34116161616161617,0.0949110218948138,0.01301777792178208
119,OFF-AR-10000799,0.11363636363636363,0.023537688442211054,0.007371885080863409
120,OFF-AR-10000817,0.22370259785721178,0.04472277071872003,0.009796863011449459
121,OFF-AR-10000823,0.22090517241379312,0.03765987320506689,0.00795980819363825
122,OFF-AR-10000896,0.09057120500782473,0.03714994682736618,0.011750903433045573
123,OFF-AR-10000914,0.1621711621711622,0.024434732299536726,0.006257940042837128
124,OFF-AR-10000937,0.6196581196581197,0.1165389527458493,0.031114718614718616
125,OFF-AR-10000940,0.14102737294226655,0.03337909934223252,0.007056011433961653
126,OFF-AR-10001022,0.08669590643274853,0.03428526565781468,0.008173572459286745
127,OFF-AR-10001026,0.17008547008547006,0.057303732303732306,0.009541062801932367
128,OFF-AR-10001044,0.34554030439273303,0.05865118995705903,0.010388520887400932
129,OFF-AR-10001118,0.06041033434650456,0.01729662806787561,0.004417268389053522
130,OFF-AR-10001130,0.1568627450980392,0.035224263820909894,0.010438432952540634
131,OFF-AR-10001149,0.18049719887955182,0.04803340406646102,0.01019397387664143
132,OFF-AR-10001166,0.27777777777777773,0.06776472329428374,0.009013564466030763
133,OFF-AR-10001177,0.4329140461215933,0.03297439741929622,0.007820682451922615
134,OFF-AR-10001216,0.13935881370091896,0.03632829278500391,0.007999597688537781
135,OFF-AR-10001221,0.40032679738562094,0.09930555555555555,0.023590686274509803
136,OFF-AR-10001227,0.11346153846153846,0.090625,0.01066790352504638
137,OFF-AR-10001231,0.15020767055496642,0.06781505531505531,0.012661893288992953
138,OFF-AR-10001246,0.2969221384205856,0.07191508287684659,0.017678593568680113
139,OFF-AR-10001315,0.1638112866281621,0.03302145755049679,0.009208163759989006
140,OFF-AR-10001374,0.20302097327959398,0.07215294948032726,0.012501603093144846
141,OFF-AR-10001419,0.1914532227032227,0.06428600728736056,0.014737802567229752
142,OFF-AR-10001427,0.36619318181818183,0.039520221490462686,0.007785014558193744
143,OFF-AR-10001446,0.25865219357756664,0.0467542276525135,0.011309816599896019
144,OFF-AR-10001468,0.20405982905982908,0.03760398098633393,0.006897612686444179
145,OFF-AR-10001473,0.2143859649122807,0.06828165807272484,0.015590855878316793
146,OFF-AR-10001545,0.4886173767752715,0.048837771250679174,0.010509179424906909
147,OFF-AR-10001547,0.16421825723296313,0.04611740893338432,0.011433982191091178
148,OFF-AR-10001573,0.19496938299855918,0.05285656492171356,0.010438580143692859
149,OFF-AR-10001615,0.3974410678241047,0.1941198452051077,0.020588825629246573
150,OFF-AR-10001662,0.1709997202095534,0.057022443878135674,0.009879732675589139
151,OFF-AR-10001683,0.15043290043290042,0.06833868914134568,0.0075009894732926494
152,OFF-AR-10001725,0.15376602564102562,0.03345410350615946,0.006519128715380948
153,OFF-AR-10001761,0.1341630655260605,0.03794946745699826,0.009829100935312644
154,OFF-AR-10001770,0.2377938871473354,0.08514383260333186,0.01164139955395424
155,OFF-AR-10001860,0.14123875402220346,0.030097785275979276,0.007916136852827339
156,OFF-AR-10001868,0.2299106936769342,0.11443914785825572,0.007437234134183975
157,OFF-AR-10001897,0.4877416700946113,0.08817439235641902,0.014705722592464675
158,OFF-AR-10001915,0.1813618824283303,0.03898542602444562,0.008960041175961
159,OFF-AR-10001919,0.07906982180381196,0.029412977048039413,0.005185588423722554
160,OFF-AR-10001940,0.23517857142857138,0.03356569372017386,0.006170332990947446
161,OFF-AR-10001953,0.17173738945063807,0.05188378623494757,0.010555628527289739
162,OFF-AR-10001954,0.14573729178191652,0.0496602542867509,0.012974038584468588
163,OFF-AR-10001955,0.4427547995482778,0.08927141518544764,0.012797574252237827
164,OFF-AR-10001958,0.12480975165185691,0.031637902942072776,0.00477118926302658
165,OFF-AR-10001972,0.47313797313797307,0.06439393939393939,0.01091808402162312
166,OFF-AR-10001988,0.49652777777777773,0.03551242116432905,0.006911580207692416
167,OFF-AR-10002053,0.2310998795653527,0.06730245663730693,0.017458173976230534
168,OFF-AR-10002067,0.24650565406483627,0.0496528734922236,0.013742052175756319
169,OFF-AR-10002135,0.32396825396825396,0.09658712470504278,0.014603520741527046
170,OFF-AR-10002221,0.2696078431372549,0.04533189422558014,0.006869906268243429
171,OFF-AR-10002240,0.2267162267162267,0.14925121876304412,0.017619128060348564
172,OFF-AR-10002255,0.27061908821499614,0.02707977054714914,0.0058158211136235816
173,OFF-AR-10002257,0.2712607980255039,0.0777802161684347,0.013380731065004486
174,OFF-AR-10002280,0.10853976531942634,0.03507537688442211,0.008950543780265142
175,OFF-AR-10002335,0.09898809523809524,0.041258054318924486,0.00726920074778473
176,OFF-AR-10002375,0.16459442996028364,0.0627712680029629,0.015924599536255638
177,OFF-AR-10002399,0.3092865981754871,0.12277234629742008,0.017864676705194798
178,OFF-AR-10002445,0.268680926916221,0.05540935019964114,0.008682830564060775
179,OFF-AR-10002467,0.24882352941176475,0.09922474747474748,0.017068562331247563
180,OFF-AR-10002578,0.3272245762711864,0.027938319416382883,0.009031754148350245
181,OFF-AR-10002656,0.2178105915595661,0.06947447700761593,0.012527377863658632
182,OFF-AR-10002671,0.16666666666666666,0.06779661016949153,0.018648018648018648
183,OFF-AR-10002704,0.2,0.02564102564102564,0.0038314176245210726
184,OFF-AR-10002766,0.5421296296296296,0.08384636639955788,0.02138523689130843
185,OFF-AR-10002804,0.13791216993187436,0.02489095638255302,0.005610930378977529
186,OFF-AR-10002818,0.5833333333333334,0.036211258697027196,0.007555587737278317
187,OFF-AR-10002833,0.18645361174772943,0.06365120965120964,0.009596712432937983
188,OFF-AR-10002952,0.41874274099883857,0.07928420909569041,0.017225435736311776
189,OFF-AR-10002956,0.13922304116417047,0.04486567840925639,0.009388788150730234
190,OFF-AR-10002987,0.17346263061128317,0.03797933629156119,0.009232829765995099
191,OFF-AR-10003045,0.2561423988310781,0.041609533803848964,0.010895443771351926
192,OFF-AR-10003056,0.24821782366539402,0.04070388712016532,0.009712484368892224
193,OFF-AR-10003087,0.30969696969696975,0.0731076735638328,0.01861136933780449
194,OFF-AR-10003156,0.32316017316017315,0.04752239455916456,0.008841941709173176
195,OFF-AR-10003158,0.449683257918552,0.197679308608827,0.016316470021117187
196,OFF-AR-10003179,0.24487607908660547,0.08490674408778494,0.010441258584514359
197,OFF-AR-10003183,0.19893595671794687,0.04685926619666975,0.01054235021538138
198,OFF-AR-10003190,0.5810222186700768,0.04461647720044942,0.012477838640354842
199,OFF-AR-10003217,0.3111455108359133,0.07286931818181819,0.016568687666344943
200,OFF-AR-10003251,0.11490704622550463,0.023146245472694293,0.005159397737642812
201,OFF-AR-10003338,0.10123891981034838,0.025956809647385223,0.0070570341097430924
202,OFF-AR-10003373,0.17915157156674516,0.04812191495458658,0.012856684258951314
203,OFF-AR-10003394,0.2646028154851684,0.03740020187417685,0.009404740917345961
204,OFF-AR-10003405,0.44147727272727266,0.10630043112785212,0.01377191609911965
205,OFF-AR-10003469,0.074821194416714,0.029246342594581747,0.006446660047675535
206,OFF-AR-10003477,0.3157894736842105,0.15384615384615385,0.04411764705882353
207,OFF-AR-10003478,0.5919515669515668,0.14268924626163534,0.019544195804825283
208,OFF-AR-10003481,0.23356271995977881,0.05373706022930987,0.01199726330555563
209,OFF-AR-10003504,0.2925796244423695,0.047379911945779056,0.010702453977915112
210,OFF-AR-10003514,0.21551339285714283,0.09326255462034176,0.02077178634683924
211,OFF-AR-10003560,0.3215913715913716,0.09334062917229889,0.017450024532076332
212,OFF-AR-10003582,0.2330727442492148,0.0191140482058581,0.004799955690583834
213,OFF-AR-10003602,0.08158246099422571,0.03371519435725515,0.0060461873137076586
214,OFF-AR-10003631,0.9007936507936508,0.31381362889983583,0.06736640784259833
215,OFF-AR-10003651,0.2657091097308488,0.048476680627573876,0.009700709728421799
216,OFF-AR-10003696,0.25252525252525254,0.20071501532175692,0.005455101363609958
217,OFF-AR-10003723,0.20238095238095238,0.02941611234294161,0.006793129966675211
218,OFF-AR-10003727,0.1653177151754002,0.04752787214814886,0.010707718972819809
219,OFF-AR-10003732,0.34883386230137414,0.04902554628096731,0.012636685765100472
220,OFF-AR-10003752,0.14080693459416863,0.03534015526621432,0.00787530042888832
221,OFF-AR-10003759,0.2933809730788867,0.07705148035198316,0.010331775479193839
222,OFF-AR-10003770,0.27811550151975684,0.05255639097744361,0.010969251336898397
223,OFF-AR-10003772,0.23472222222222222,0.036404639175257734,0.00907235621521336
224,OFF-AR-10003811,0.13188131714695728,0.031300423088084804,0.0072768301586248075
225,OFF-AR-10003829,0.1791498035512043,0.040678903672492786,0.00974668533127781
226,OFF-AR-10003856,0.15169170698582463,0.0307078459388242,0.00750697973188566
227,OFF-AR-10003876,0.19002695417789756,0.034415832923295614,0.007312486850410267
228,OFF-AR-10003896,0.07894736842105263,0.015306122448979591,0.0038809831824062097
229,OFF-AR-10003903,0.3995646766169154,0.07394830659536542,0.019675630633121586
230,OFF-AR-10003958,0.8333333333333333,0.11174242424242424,0.010026737967914439
231,OFF-AR-10003986,0.2,0.05263157894736842,0.005376344086021506
232,OFF-AR-10004010,0.22838345864661652,0.06644496474041929,0.013590925662172914
233,OFF-AR-10004022,0.1482003025616385,0.05265242835546263,0.008481701965913363
234,OFF-AR-10004027,0.26645962732919254,0.21649713922441194,0.008811396289296673
235,OFF-AR-10004042,0.1828718734968735,0.0450097461335847,0.010097804875550431
236,OFF-AR-10004062,0.2574786324786325,0.0644942764986182,0.013840003773854795
237,OFF-AR-10004165,0.28928571428571426,0.06272488573373529,0.021628863409770688
238,OFF-AR-10004260,0.2955201106263262,0.04196775742798297,0.008989547990875696
239,OFF-AR-10004269,0.2613693169575523,0.07437394390975668,0.01369437190489822
240,OFF-AR-10004272,0.17410714285714285,0.03958333333333333,0.009382675166266523
241,OFF-AR-10004344,0.34997989848736116,0.08635316763960371,0.012907127496880486
242,OFF-AR-10004441,0.28382672198670655,0.02813464346271968,0.005696146380462806
243,OFF-AR-10004456,0.3607291666666667,0.04549419216592393,0.01572773306326808
244,OFF-AR-10004511,0.725,0.0886759581881533,0.02840595697738555
245,OFF-AR-10004582,0.1537406015037594,0.055023852639367564,0.008964182213225601
246,OFF-AR-10004587,0.27941176470588236,0.02317629179331307,0.004960086801519026
247,OFF-AR-10004602,0.2901566687280973,0.047588085515887155,0.009208198017833614
248,OFF-AR-10004648,0.21639116795366795,0.06476951901853087,0.011235473936048948
249,OFF-AR-10004685,0.18191262105109945,0.035704875791436476,0.007378527191795196
250,OFF-AR-10004691,0.4846153846153846,0.06465517241379311,0.01440062607110662
251,OFF-AR-10004707,0.07,0.016647389292795772,0.0033296310892957375
252,OFF-AR-10004752,0.15397105957767723,0.04705130109038434,0.009837363493994333
253,OFF-AR-10004757,0.21121125424419768,0.056116205143109804,0.011480090457234806
254,OFF-AR-10004790,0.09347826086956522,0.017816845972185778,0.004096671419659567
255,OFF-AR-10004817,0.4973544973544974,0.05162617698311588,0.012636094289903789
256,OFF-AR-10004930,0.1693121693121693,0.026498538011695907,0.004891679424397144
257,OFF-AR-10004956,0.39801864801864806,0.06218574386276249,0.009440471306425731
258,OFF-AR-10004974,0.07142857142857142,0.06666666666666667,0.010416666666666666
259,OFF-AR-10004999,0.2883907320749426,0.061992686194986234,0.013621645533978294
260,OFF-EN-10000056,0.30227447283898895,0.06910015034275001,0.015360720251396037
261,OFF-EN-10000461,0.13536212297187908,0.04492955566330899,0.007616463692940376
262,OFF-EN-10000483,0.31230158730158736,0.13181062893044462,0.02838532999217528
263,OFF-EN-10000781,0.3516666666666667,0.30215617715617715,0.01922852279554102
264,OFF-EN-10000927,0.16158909574468086,0.06675969644447101,0.011600628807158286
265,OFF-EN-10001028,0.4182692307692308,0.0699685534591195,0.011817491118914145
266,OFF-EN-10001099,0.22386423805993858,0.03641176028272803,0.009685019279507734
267,OFF-EN-10001137,0.471150097465887,0.061465219847028414,0.011606888562875384
268,OFF-EN-10001141,0.27828947368421053,0.04280625578422065,0.007403402823695561
269,OFF-EN-10001219,0.10703849513060038,0.024392266105114406,0.00508086521209085
270,OFF-EN-10001335,0.2983545401966454,0.08185651236439594,0.018392351398063438
271,OFF-EN-10001415,0.3388749342835446,0.02310996904900028,0.004523219279845546
272,OFF-EN-10001434,0.2380726911976912,0.036203511318335005,0.010312757065605034
273,OFF-EN-10001453,0.13555383623468728,0.025746170360859317,0.0077757331681573335
274,OFF-EN-10001509,0.2849250865433858,0.03470425820854274,0.008542823038940116
275,OFF-EN-10001532,0.271038961038961,0.05559400090650091,0.011964463150574131
276,OFF-EN-10001535,0.5,0.03125,0.005089058524173028
277,OFF-EN-10001539,0.2431117975003699,0.0385450003679179,0.010327025484682444
278,OFF-EN-10001749,0.3333333333333333,0.04,0.007352941176470588
279,OFF-EN-10001990,0.364766081871345,0.07213579403053087,0.010789490723283578
280,OFF-EN-10002230,0.3700462178723048,0.05362652233397336,0.011450765609697109
281,OFF-EN-10002312,0.06048134288957525,0.0229304466547105,0.006571136875995776
282,OFF-EN-10002500,0.1828513614246389,0.05602846165623,0.012547143931513552
283,OFF-EN-10002504,0.3724490469588509,0.0630184143482802,0.014564754559970068
284,OFF-EN-10002592,0.2367519334777936,0.03722931627891584,0.008138150299242723
285,OFF-EN-10002600,0.2926035719513981,0.07077864918758528,0.014826714519183203
286,OFF-EN-10002621,0.11781746031746032,0.025545235774929696,0.004887558175404417
287,OFF-EN-10002831,0.27126543209876547,0.07144578313253012,0.011116808033592584
288,OFF-EN-10002973,0.226217375642663,0.04729264921881294,0.01117429222949407
289,OFF-EN-10002986,0.18406593406593408,0.05975490196078431,0.015572092290731553
290,OFF-EN-10003001,0.20962137978629733,0.03884081077432843,0.011603459446557112
291,OFF-EN-10003040,0.11019024834814309,0.03658319513543394,0.007362856808952991
292,OFF-EN-10003055,0.17035671375084485,0.03289588457703794,0.00756695169964921
293,OFF-EN-10003068,0.1433862433862434,0.025791337460792808,0.0054356986390953
294,OFF-EN-10003072,0.3012205387205387,0.041794219567942194,0.011604028186001926
295,OFF-EN-10003134,0.30653839987173326,0.05596545842792252,0.014435711312573957
296,OFF-EN-10003160,0.18701164676396873,0.031046398046398044,0.008532885372661805
297,OFF-EN-10003286,0.33492454453045584,0.08714907581568972,0.023019781305511428
298,OFF-EN-10003296,0.22299101458765322,0.07122242706450792,0.0065214671791354465
299,OFF-EN-10003448,0.14367816091954022,0.02912300055157198,0.006970551378446115
300,OFF-EN-10003567,0.26495726495726496,0.040139065819344434,0.01139749349179705
301,OFF-EN-10003798,0.1088379705400982,0.018631136665192394,0.0047353048557867835
302,OFF-EN-10003845,0.10281207788947726,0.026661096831711046,0.0074811850238928335
303,OFF-EN-10003862,0.31205157925239063,0.06465353274176804,0.011266890914279225
304,OFF-EN-10004007,0.36363636363636365,0.029411764705882353,0.007079646017699115
305,OFF-EN-10004030,0.24031001504405758,0.05843098364152083,0.008479104148574298
306,OFF-EN-10004147,0.29523809523809524,0.027724875740327944,0.006738119306154614
307,OFF-EN-10004206,0.4,0.0392156862745098,0.0053475935828877
308,OFF-EN-10004386,0.2793406593406593,0.036224542417090236,0.0088805219897992
309,OFF-EN-10004459,0.2191326103090809,0.030782524966186733,0.007589292754639168
310,OFF-EN-10004483,0.2845560493401025,0.05320242310994445,0.015380590582535814
311,OFF-EN-10004773,0.31221105974395447,0.09047005400098183,0.010974690513918474
312,OFF-EN-10004846,0.24602547644909645,0.06734332884097036,0.014730295269936742
313,OFF-EN-10004955,0.207177033492823,0.049112956810631235,0.011619710827908311
314,OFF-FA-10000053,0.23676513587891296,0.09539428175573696,0.01417443982748648
315,OFF-FA-10000089,0.45454545454545453,0.056179775280898875,0.006747638326585695
316,OFF-FA-10000134,0.4054195804195804,0.06622924095055242,0.013561454039824394
317,OFF-FA-10000254,0.5952380952380953,0.05208333333333333,0.00946969696969697
318,OFF-FA-10000304,0.5471678492518464,0.08686678792647602,0.02101429827002788
319,OFF-FA-10000490,0.2859657640834111,0.040965194283171,0.00860222276199426
320,OFF-FA-10000585,0.15414129273504273,0.040763201561939605,0.008849098792735577
321,OFF-FA-10000611,0.1564680675622222,0.054582346048243476,0.00939760448395138
322,OFF-FA-10000621,0.3392625892625893,0.11818735282241227,0.015568046131542803
323,OFF-FA-10000624,0.2361162863236129,0.057471320304245455,0.012709816019493171
324,OFF-FA-10000735,0.41495495495495494,0.058068268077171734,0.011641943577737828
325,OFF-FA-10000840,0.3126984126984127,0.11270600744284953,0.01591808070375623
326,OFF-FA-10000936,0.1607186511360368,0.04639090205124351,0.009923402113044842
327,OFF-FA-10000992,0.20301860025220683,0.06965005121201776,0.01148339656524775
328,OFF-FA-10001135,0.24801587301587302,0.12104641769713538,0.005831153128422278
329,OFF-FA-10001229,0.1732193732193732,0.043243373031117936,0.01364027538726334
330,OFF-FA-10001332,0.17339285714285715,0.05065900742858574,0.009846280840805471
331,OFF-FA-10001561,0.17326817837982603,0.0686606929477845,0.011911446099347323
332,OFF-FA-10001754,0.24545454545454548,0.021819760101010104,0.0044816586921850084
333,OFF-FA-10001843,0.3352810830500243,0.27910221282397507,0.026172554061993796
334,OFF-FA-10001883,0.45993589743589747,0.171400290885585,0.027602916189733186
335,OFF-FA-10002676,0.17854811854811856,0.04698938439011968,0.00950558688673525
336,OFF-FA-10002701,0.2598814229249012,0.06821236559139784,0.017521797451374915
337,OFF-FA-10002763,0.34938072881734855,0.05618505128187853,0.011277539111600279
338,OFF-FA-10002780,0.3208689396727674,0.07108458787669504,0.016801406771887337
339,OFF-FA-10002815,0.32929292929292925,0.13952762923351159,0.015113589123916147
340,OFF-FA-10002975,0.23264180672268908,0.08058696042345648,0.013608778300744992
341,OFF-FA-10002983,0.19814814814814816,0.04803843881626835,0.012776287672709517
342,OFF-FA-10002988,0.19851949072886063,0.03680621368909463,0.009602383556510798
343,OFF-FA-10003021,0.34288777303483187,0.058162025841628,0.008655114770899162
344,OFF-FA-10003059,0.42445378151260504,0.046990830004337285,0.00795470562520314
345,OFF-FA-10003112,0.17435907169191786,0.04457902890345362,0.009977490356629091
346,OFF-FA-10003467,0.22638290229885055,0.0356188838024048,0.012130129433024963
347,OFF-FA-10003472,0.24976190476190477,0.0619279739142264,0.01699603611519691
348,OFF-FA-10003485,0.2425,0.05362095531587057,0.020737882806848323
349,OFF-FA-10003495,0.23620779821787657,0.052593514660338375,0.011693706353938675
350,OFF-FA-10004076,0.43438881757238623,0.1092557251908397,0.012092053135338376
351,OFF-FA-10004248,0.168678907299597,0.029281189262532547,0.005850338343148135
352,OFF-FA-10004395,0.21646928855117006,0.08527429732249008,0.010002811786128664
353,OFF-FA-10004838,0.24042397660818715,0.05434938102211338,0.016726463312597768
354,OFF-FA-10004854,0.20253136200716843,0.029226989635758878,0.007878061813217655
355,OFF-FA-10004968,0.23408119658119658,0.04449174527734038,0.011981254495080909
356,OFF-LA-10000081,0.1348185107376284,0.044572030791788855,0.009474630769036476
357,OFF-LA-10000121,0.1596127087198516,0.04875461905164876,0.009210812708718452
358,OFF-LA-10000134,0.12867439577965895,0.031807656888587096,0.006643202662848211
359,OFF-LA-10000240,0.1750397694724832,0.039729128105601384,0.008567805237597051
360,OFF-LA-10000248,0.10319209269786933,0.02350855138044261,0.006346335916185987
361,OFF-LA-10000262,0.2047089348559937,0.048740011712625896,0.011899994788471832
362,OFF-LA-10000305,0.28809523809523807,0.06785817699108387,0.011260684934168336
363,OFF-LA-10000407,0.19301470588235292,0.05543623817614073,0.011173797007437923
364,OFF-LA-10000414,0.190924177766283,0.03687205989152072,0.008118507793406721
365,OFF-LA-10000443,0.31929165605636195,0.043182071771178894,0.008943972411743025
366,OFF-LA-10000452,0.18128968218482286,0.032129446494824604,0.0074797274566829565
367,OFF-LA-10000476,0.1225,0.0496078431372549,0.010961089609123408
368,OFF-LA-10000634,0.20625,0.0335432117757741,0.007427372144531166
369,OFF-LA-10000973,0.09545454545454546,0.04058462532299741,0.006062614407255355
370,OFF-LA-10001045,0.2016436251920123,0.033424164643707364,0.008790805411060403
371,OFF-LA-10001074,0.6451327972709552,0.15976299097429328,0.026810531205817334
372,OFF-LA-10001158,0.18771179800591561,0.04137144805986296,0.009074271982505733
373,OFF-LA-10001175,0.6636904761904763,0.07510183221712002,0.012034275342005735
374,OFF-LA-10001297,0.3215343915343915,0.07082967200397745,0.010110585505332755
375,OFF-LA-10001317,0.09308665719809049,0.021781083214410798,0.005476835255651746
376,OFF-LA-10001404,0.13232600732600733,0.030701500915628323,0.006488750642900467
377,OFF-LA-10001474,0.23363095238095238,0.07068886594725156,0.013507760095906594
378,OFF-LA-10001569,0.2585066232455041,0.06686215884688797,0.009166572332506392
379,OFF-LA-10001641,0.3367046387520526,0.07632349648394413,0.014301042251939301
380,OFF-LA-10001771,0.19307819803175844,0.06670813823534591,0.009422909635250696
381,OFF-LA-10001934,0.34946151409566045,0.073361037580019,0.009680444094470908
382,OFF-LA-10001982,0.22552380952380952,0.06633913886525802,0.011777803372420462
383,OFF-LA-10002034,0.2962121212121212,0.056648379782020336,0.01130965828053604
384,OFF-LA-10002043,0.1535717590121348,0.03863006256826448,0.007904182263623641
385,OFF-LA-10002195,0.4581349206349207,0.11810478021647881,0.01777018463379814
386,OFF-LA-10002271,0.24757703081232493,0.047602352048316476,0.012018016116515377
387,OFF-LA-10002312,0.15950686994165256,0.03709795172704182,0.00819675607766835
388,OFF-LA-10002368,0.21849816849816847,0.04643990581490581,0.009911938568911758
389,OFF-LA-10002381,0.1388888888888889,0.03466386554621849,0.008365010845521121
390,OFF-LA-10002473,0.10810810810810811,0.035398230088495575,0.013559322033898305
391,OFF-LA-10002475,0.14227046666071055,0.032679058274233425,0.006067301312986519
392,OFF-LA-10002762,0.3010243228993229,0.08118034853513181,0.026172857055747133
393,OFF-LA-10002787,0.46126327376327375,0.09974121646709366,0.019258650534949403
394,OFF-LA-10002945,0.1354720769511142,0.06580780997603038,0.010595233649859731
395,OFF-LA-10003077,0.25357142857142856,0.14918032786885246,0.01741978355800266
396,OFF-LA-10003121,0.2788671023965142,0.056811581860762184,0.018182140489514144
397,OFF-LA-10003148,0.3195046439628483,0.03263141620284477,0.00674556542169027
398,OFF-LA-10003190,0.13933401629053804,0.044939211556558334,0.010160965521405052
399,OFF-LA-10003223,0.47312801932367154,0.11851295782457055,0.017991036325514066
400,OFF-LA-10003388,0.07692307692307693,0.02666666666666667,0.006535947712418301
401,OFF-LA-10003498,0.21442307692307694,0.07182562495363845,0.013123606102750714
402,OFF-LA-10003510,0.23561125473005884,0.050918100446730424,0.01281632656081
403,OFF-LA-10003537,0.10551948051948051,0.031131479140328697,0.007758542554155715
404,OFF-LA-10003663,0.3071428571428571,0.08215799310326673,0.012448647491573065
405,OFF-LA-10003714,0.1276190476190476,0.02366754324234231,0.006385748035628078
406,OFF-LA-10003720,0.20880421113766176,0.03461005542919231,0.009665288616190433
407,OFF-LA-10003766,0.1470210813283415,0.035555383324543825,0.009837927679072225
408,OFF-LA-10003923,0.3111626934251494,0.047806893979670265,0.009778429971302634
409,OFF-LA-10003930,0.32306162634442764,0.057304404933266745,0.01313059976502011
410,OFF-LA-10004008,0.24431818181818182,0.05955882352941176,0.011923179097713812
411,OFF-LA-10004055,0.5454545454545454,0.025185185185185185,0.004901960784313725
412,OFF-LA-10004093,0.19929685929685934,0.02352649533158752,0.005858472758830589
413,OFF-LA-10004178,0.1736617183985605,0.08421717597747562,0.016642476402190874
414,OFF-LA-10004272,0.625,0.058102345415778245,0.008396354925078679
415,OFF-LA-10004345,0.587995337995338,0.28197302908163563,0.011044981687988335
416,OFF-LA-10004409,0.4488580984233158,0.05721385115251339,0.010960590627843868
417,OFF-LA-10004425,0.37973925299506694,0.07249785835754881,0.02117703941101521
418,OFF-LA-10004484,0.2748454059986568,0.06216233027536905,0.011259558492108296
419,OFF-LA-10004544,0.18198379720118849,0.05413287987164539,0.012365328984866803
420,OFF-LA-10004545,0.1853224475055461,0.051884577862489865,0.00988478686662862
421,OFF-LA-10004559,0.17045946026125056,0.05480810327033486,0.01052996502805203
422,OFF-LA-10004677,0.30965909090909094,0.06079664570230608,0.009818819003812535
423,OFF-LA-10004689,0.24331225468753656,0.08043140860810034,0.021072601289319554
424,OFF-LA-10004853,0.16921717171717174,0.058437064446783954,0.011919478228468198
425,OFF-PA-10000007,0.21031746031746032,0.046198480205164844,0.01667883870582135
426,OFF-PA-10000019,0.30782407407407403,0.06974306293946111,0.014747348156829296
427,OFF-PA-10000029,0.40791637303265205,0.036632165234171725,0.006881377053993749
428,OFF-PA-10000048,0.016666666666666666,0.008130081300813009,0.002008032128514056
429,OFF-PA-10000061,0.3046031746031746,0.13050602247493437,0.020820230130220614
430,OFF-PA-10000062,0.2669192677070828,0.027356053922485635,0.005650738354614848
431,OFF-PA-10000069,0.29583620887968715,0.15604856418320653,0.02698325411696013
432,OFF-PA-10000100,0.3391185897435897,0.05801212297427033,0.01175382932213644
433,OFF-PA-10000130,0.261935618729097,0.05374160689836735,0.012257423670411022
434,OFF-PA-10000141,0.2796576824709817,0.035450493365990626,0.00704678360854733
435,OFF-PA-10000143,0.1349481658692185,0.041292504106327114,0.008236970194641377
436,OFF-PA-10000157,0.1387090173818576,0.03699795210913368,0.007977359095449886
437,OFF-PA-10000167,0.19555444555444557,0.050987312212641155,0.008475074668176414
438,OFF-PA-10000174,0.3130221386800334,0.10294921726462745,0.014652394197356573
439,OFF-PA-10000176,0.15794642857142857,0.04451615395651417,0.009510579224645729
440,OFF-PA-10000210,0.19230769230769232,0.04310344827586207,0.013477088948787063
441,OFF-PA-10000213,0.3356523492639645,0.08080808080808081,0.014313567790207404
442,OFF-PA-10000223,0.2811148750998375,0.02977567597064562,0.00580016517599778
443,OFF-PA-10000232,0.17304801702101602,0.024945382580109667,0.005673050891567961
444,OFF-PA-10000241,0.10146623867935342,0.024904671091906957,0.007312750327255349
445,OFF-PA-10000246,0.5062162162162162,0.043571261050735915,0.007357773287064119
446,OFF-PA-10000249,0.48106024018802923,0.05315037661169789,0.012129275650788439
447,OFF-PA-10000289,0.210895578056595,0.0324198567025399,0.008091597741026121
448,OFF-PA-10000295,0.22698412698412695,0.07190756619899565,0.013320307143836557
449,OFF-PA-10000300,0.12288267288267289,0.026293637249086954,0.006450235157979209
450,OFF-PA-10000304,0.37771709646709645,0.06984897522743876,0.012009617740814481
451,OFF-PA-10000308,0.07547169811320754,0.01990049751243781,0.00510204081632653
452,OFF-PA-10000312,0.23958333333333331,0.07386363636363637,0.015172037714607374
453,OFF-PA-10000327,0.13345253390555034,0.04339376610945871,0.009092656991737632
454,OFF-PA-10000349,0.33438228438228434,0.04673604279424788,0.008637384541589736
455,OFF-PA-10000350,1.0,0.18181818181818182,0.032998448092787715
456,OFF-PA-10000357,0.2990629627271784,0.0966598486916473,0.010844426348524944
457,OFF-PA-10000380,0.22605052906671647,0.04996189060352147,0.011370687101184917
458,OFF-PA-10000418,0.19518548581048578,0.04656170588694178,0.010864493308903003
459,OFF-PA-10000466,0.32583586626139815,0.14514652014652016,0.026916148226162704
460,OFF-PA-10000474,0.2573061541937779,0.044343005911496425,0.010365881705767131
461,OFF-PA-10000477,0.2215552304838019,0.07556751566109433,0.015054540295797956
462,OFF-PA-10000482,0.35694662823200557,0.050317355577508466,0.01170925744536027
463,OFF-PA-10000483,0.3069264069264069,0.051923975271588485,0.012826540745394483
464,OFF-PA-10000501,0.13328853046594982,0.042250569754814234,0.010168204082499487
465,OFF-PA-10000520,0.25977042312526183,0.06115830150731055,0.008215124425868444
466,OFF-PA-10000528,0.37096560846560844,0.06622390584654736,0.01363902260560172
467,OFF-PA-10000533,0.11483407465550323,0.032866655493270905,0.005319116501866571
468,OFF-PA-10000551,0.25524002704530085,0.03178281621927121,0.008034765798802995
469,OFF-PA-10000552,0.4833333333333333,0.060563940652621974,0.011701059235275093
470,OFF-PA-10000556,0.1644144144144144,0.03935649522586857,0.009883038685724179
471,OFF-PA-10000565,0.14646464646464646,0.020164526484751203,0.0044577945682089636
472,OFF-PA-10000575,0.3176725235548766,0.081510368422904,0.009674345301452612
473,OFF-PA-10000587,0.446875,0.08767035691971259,0.010476016591521663
474,OFF-PA-10000595,0.2976190476190476,0.09524189594426645,0.01133018006024739
475,OFF-PA-10000605,0.09770723104056438,0.02810485573175248,0.007516826895102466
476,OFF-PA-10000659,0.2613443919508954,0.0661407220525789,0.02164434673049459
477,OFF-PA-10000673,0.10078387458006718,0.028609831029185868,0.006711219826344362
478,OFF-PA-10000675,0.26220463903924807,0.040977753431872994,0.010368736257631066
479,OFF-PA-10000682,0.13465955097534044,0.045237356520464164,0.010510907070863664
480,OFF-PA-10000697,0.4026936026936027,0.04600991114149009,0.009006740770501316
481,OFF-PA-10000726,0.18697916666666664,0.044815325446190934,0.011116819027948349
482,OFF-PA-10000740,0.19651029748283752,0.05207326171473847,0.010219729689973927
483,OFF-PA-10000743,0.24462719298245617,0.03742826971660889,0.008627663121575814
484,OFF-PA-10000788,0.22845982599272074,0.04731418181343245,0.00903911386439935
485,OFF-PA-10000791,0.3796878560036456,0.08620006682852564,0.014073179054881499
486,OFF-PA-10000806,0.3129273504273504,0.061030109624957404,0.013173618329373065
487,OFF-PA-10000807,0.3904857397504456,0.04854024943310658,0.010197346474025475
488,OFF-PA-10000809,0.10014342264342266,0.03138465801462277,0.007495457872438572
489,OFF-PA-10000859,0.11193181818181819,0.03459311185614142,0.0053043562479678456
490,OFF-PA-10000919,0.0851063829787234,0.038461538461538464,0.014184397163120567
491,OFF-PA-10000955,0.08278388278388278,0.0386812619784756,0.006320333759765068
492,OFF-PA-10000994,0.15126281350329793,0.045465952478588506,0.006716215618795388
493,OFF-PA-10001001,0.36363636363636365,0.0625,0.010178117048346057
494,OFF-PA-10001019,0.21553821285495464,0.04930775150258174,0.009741318002569341
495,OFF-PA-10001033,0.1625615746787195,0.043333851737720745,0.009254666190109579
496,OFF-PA-10001125,0.24838030380078432,0.05635254861323699,0.01454893359691933
497,OFF-PA-10001144,0.13555124223602483,0.06555684733042108,0.01030122266740951
498,OFF-PA-10001166,0.27164177197071937,0.052130818009631465,0.010132031963463533
499,OFF-PA-10001184,0.17765151515151512,0.05803375365019187,0.012799798795972206
500,OFF-PA-10001204,0.18346031746031743,0.06127925614905794,0.006763288624605011
501,OFF-PA-10001215,0.21052631578947367,0.07035102578580839,0.022126600837340454
502,OFF-PA-10001243,0.15476190476190477,0.05541069100391134,0.007279805709125081
503,OFF-PA-10001246,0.1515151515151515,0.032670454545454544,0.00722488038277512
504,OFF-PA-10001260,0.5714285714285714,0.0915948275862069,0.019374772809887315
505,OFF-PA-10001274,0.2375,0.021026660774782737,0.0044014084507042256
506,OFF-PA-10001281,0.18181818181818182,0.07407407407407407,0.013071895424836602
507,OFF-PA-10001289,0.17549927022090886,0.06425061028560378,0.015749746219959948
508,OFF-PA-10001293,0.3160153256704981,0.058288355357032064,0.012024987499956742
509,OFF-PA-10001295,0.18638694608278092,0.071610144116957,0.010037102108098208
510,OFF-PA-10001307,0.5413461538461538,0.1373828377504848,0.011427642821398312
511,OFF-PA-10001357,0.13172356129627497,0.030910631712754,0.006245543898333888
512,OFF-PA-10001363,0.1578271441202476,0.03585130496691964,0.009853634196238496
513,OFF-PA-10001450,0.10810810810810811,0.03636363636363636,0.00881057268722467
514,OFF-PA-10001457,0.7362637362637363,0.08681318681318681,0.015240429673419365
515,OFF-PA-10001461,0.299047619047619,0.08073593073593074,0.017951575130316536
516,OFF-PA-10001471,0.28474702380952377,0.03464234178519893,0.009435615161102914
517,OFF-PA-10001497,0.16822755417956656,0.08740948445493898,0.011062277842739823
518,OFF-PA-10001509,0.25383698221811085,0.05698185717320007,0.012591889323145974
519,OFF-PA-10001526,0.5236467236467236,0.10805628742215766,0.01465341630294683
520,OFF-PA-10001534,0.27636946386946387,0.0501260102290786,0.01133196560499557
521,OFF-PA-10001560,0.12277298850574714,0.024404419110301463,0.007743813358709634
522,OFF-PA-10001569,0.31965690559440557,0.09653293135435993,0.015417668327366041
523,OFF-PA-10001583,0.11696428571428572,0.02454794520547945,0.00616664589305746
524,OFF-PA-10001593,0.4702693602693603,0.10018594601902045,0.016590987201686953
525,OFF-PA-10001609,0.20495408809456794,0.050124911334941125,0.010375577594211045
526,OFF-PA-10001622,0.11769520308123249,0.047352472089314195,0.007107622840124196
527,OFF-PA-10001639,0.25453044754218634,0.045557744618272444,0.009517886788035923
528,OFF-PA-10001661,0.23076923076923078,0.08333333333333333,0.015873015873015872
529,OFF-PA-10001667,0.13700213128729755,0.04215052607683582,0.008666540615141617
530,OFF-PA-10001685,0.296680216802168,0.05355415897762668,0.01096697484700455
531,OFF-PA-10001712,0.7000000000000001,0.099442476715204,0.016704006416367132
532,OFF-PA-10001725,0.18035714285714285,0.031088917525773196,0.006808905380333952
533,OFF-PA-10001736,0.22915388404165493,0.040574829585290635,0.011572182441221606
534,OFF-PA-10001745,0.23227513227513227,0.05109789387060995,0.012626161182337815
535,OFF-PA-10001752,0.31613347093223254,0.02288919288645691,0.0052474869169150925
536,OFF-PA-10001763,0.22453703703703703,0.03625,0.010105474635861375
537,OFF-PA-10001776,0.21231556490177178,0.030506943167602323,0.007142261290736936
538,OFF-PA-10001790,0.22288602941176472,0.029431281015891864,0.007491047094846529
539,OFF-PA-10001800,0.18698947068440555,0.022039985724007973,0.005677055618817847
540,OFF-PA-10001801,0.3685185185185185,0.04773296878560037,0.0143452991628219
541,OFF-PA-10001804,0.2834814695108812,0.049456996187110594,0.015423184943336575
542,OFF-PA-10001815,0.1417474705964264,0.03897824983365781,0.009723479407262455
543,OFF-PA-10001826,0.2335423197492163,0.03719512195121952,0.009547995905189385
544,OFF-PA-10001837,0.13333333333333333,0.04415322580645161,0.008927675165629392
545,OFF-PA-10001838,0.17447162889540388,0.0817022310295853,0.006915443089125071
546,OFF-PA-10001846,0.41976190476190467,0.0476820457912895,0.008953769653679241
547,OFF-PA-10001870,0.3613746741289778,0.04472378208695226,0.011838183211304708
548,OFF-PA-10001878,0.38018830720694075,0.06436795987160504,0.013451372063967309
549,OFF-PA-10001892,0.19371031746031747,0.059575757575757574,0.011755889123687947
550,OFF-PA-10001934,0.12691008513589158,0.034890470839486445,0.00930908216774256
551,OFF-PA-10001937,0.30023134759976866,0.058439880010194886,0.013593155055821928
552,OFF-PA-10001947,0.1398208458795812,0.023972106097647283,0.0075893541357711924
553,OFF-PA-10001950,0.31871922453191803,0.09589443284761769,0.01627164828170874
554,OFF-PA-10001952,0.6666666666666666,0.06190476190476191,0.007518058769899713
555,OFF-PA-10001954,0.42383603238866396,0.142195098464057,0.03163042717675643
556,OFF-PA-10001972,0.4907823473159225,0.03906381078045848,0.009321143724444264
557,OFF-PA-10001977,0.18457809224318658,0.07286871972977527,0.009935485956797356
558,OFF-PA-10001994,0.18085106382978722,0.03254871972822339,0.0060347163167662815
559,OFF-PA-10002001,0.09523809523809523,0.009900990099009901,0.00258732212160414
560,OFF-PA-10002005,0.18191239478399257,0.06538191780206266,0.010200971712310755
561,OFF-PA-10002036,0.25661865130174993,0.06819543391249601,0.009620098319421417
562,OFF-PA-10002105,0.20174319727891157,0.08245060949978983,0.00966273576969947
563,OFF-PA-10002109,0.09339080459770115,0.026171579743008315,0.0038344309851424986
564,OFF-PA-10002120,0.41250000000000003,0.04146540027137042,0.011065590847518125
565,OFF-PA-10002137,0.25905524681268394,0.09611721963279318,0.009869196045458146
566,OFF-PA-10002160,0.16888361808956076,0.03815861991549393,0.011277520970671105
567,OFF-PA-10002195,0.18472228238261212,0.028082637303723137,0.006657356517320898
568,OFF-PA-10002222,0.1976183404080565,0.03536597312354619,0.008507469594102323
569,OFF-PA-10002230,0.39236111111111116,0.06225488620290601,0.010938811066853772
570,OFF-PA-10002245,0.29771280283717566,0.052594475805201345,0.011191840449390018
571,OFF-PA-10002246,0.2888460591948964,0.029985314434375424,0.00835356040498736
572,OFF-PA-10002250,0.2695681605975724,0.04304109460618336,0.008447322826876253
573,OFF-PA-10002254,0.2700111000111,0.054798764531670825,0.01899000919619101
574,OFF-PA-10002259,0.14725875103233593,0.02682828282828283,0.0060985186464885275
575,OFF-PA-10002262,0.20184645393179626,0.03960000093525607,0.009386366079985544
576,OFF-PA-10002319,0.28270770770770776,0.03397399913738778,0.00975958043372241
577,OFF-PA-10002333,0.6,0.033707865168539325,0.007518796992481203
578,OFF-PA-10002365,0.15718757298297512,0.036795923418555525,0.01051205050121266
579,OFF-PA-10002377,0.2619995921698575,0.056118206659836654,0.01141850481422838
580,OFF-PA-10002421,0.19745744451626804,0.030502531378061998,0.007672115895800107
581,OFF-PA-10002464,0.4615502450980392,0.09362736213812768,0.013655559603855453
582,OFF-PA-10002479,0.18830827067669173,0.04974379895490969,0.007012667325454651
583,OFF-PA-10002499,0.053812741312741316,0.0315015479876161,0.0055636799970002065
584,OFF-PA-10002552,0.3125,0.02535559678416821,0.004814985060905538
585,OFF-PA-10002558,0.2916666666666667,0.03482587064676617,0.008928571428571428
586,OFF-PA-10002581,0.3337046939988117,0.06127328388592568,0.019065836712896755
587,OFF-PA-10002586,0.14600533195734433,0.03034601285033772,0.006535391919770285
588,OFF-PA-10002606,0.38976337413247475,0.12506795740071897,0.02425476636673977
589,OFF-PA-10002615,0.14229531942380239,0.03033572334275576,0.006816331735021984
590,OFF-PA-10002659,0.3128411039212433,0.2559678044709443,0.008230113530370186
591,OFF-PA-10002666,0.1635089624398835,0.045029081576121226,0.01473190059065287
592,OFF-PA-10002689,0.2636189481017067,0.07407862004812323,0.01753526153141193
593,OFF-PA-10002709,0.5480769230769231,0.07578120487494946,0.02944016987419332
594,OFF-PA-10002713,0.17438008509166006,0.0429279343039565,0.008773957732889486
595,OFF-PA-10002741,0.24553571428571427,0.03686538866652622,0.009315051435133621
596,OFF-PA-10002749,0.42313218390804597,0.032328633932912,0.011803674966017759
597,OFF-PA-10002751,0.5060096153846154,0.09486332923832924,0.027544529262086514
598,OFF-PA-10002764,0.21598440545808964,0.07279718905105902,0.01930317581578086
599,OFF-PA-10002787,0.25387579679069605,0.0281360898174856,0.006205815535762451
600,OFF-PA-10002870,0.4657575757575757,0.2428352127506937,0.016418285087599883
601,OFF-PA-10002893,0.2664985337243402,0.12083841474625179,0.016493550298328385
602,OFF-PA-10002923,0.1166005291005291,0.025807497904101178,0.005718399163927526
603,OFF-PA-10002947,0.1327485380116959,0.048295427054825556,0.015891786286947342
604,OFF-PA-10002960,0.14893617021276595,0.0673076923076923,0.024822695035460994
605,OFF-PA-10002968,0.32371794871794873,0.06210972346119536,0.016200828157349897
606,OFF-PA-10002986,0.28424178895877006,0.06826844273251854,0.011051679367760173
607,OFF-PA-10003001,0.28743961352657005,0.04787588699959835,0.012162064470309429
608,OFF-PA-10003016,0.2821329395242439,0.04775696372324007,0.013018251424183055
609,OFF-PA-10003022,0.21431206738931696,0.04536263967974407,0.010771826722126551
610,OFF-PA-10003036,0.21502976190476192,0.05779242831201708,0.009339073252847049
611,OFF-PA-10003039,0.3461050061050061,0.06310403162394669,0.01075408945616761
612,OFF-PA-10003063,0.27584354180098863,0.1063936063936064,0.014517303001619736
613,OFF-PA-10003072,0.31563487392038325,0.04458382778148717,0.011464186484708908
614,OFF-PA-10003127,0.162280701754386,0.027341475409441596,0.007273578281102601
615,OFF-PA-10003129,0.1314337085678549,0.048905590340318876,0.00888464770080702
616,OFF-PA-10003134,0.2760082023239918,0.02888568883215658,0.008379188218504655
617,OFF-PA-10003172,0.14135133072130418,0.02619002145948574,0.005450561551251087
618,OFF-PA-10003177,0.35757172434191065,0.0537893663865613,0.011927694325015155
619,OFF-PA-10003205,0.09475806451612903,0.019657808518383692,0.004778594819016432
620,OFF-PA-10003228,0.16970220522292193,0.046366453558167445,0.011548894096631174
621,OFF-PA-10003256,0.2176642586859305,0.11034586505507155,0.010872746485919396
622,OFF-PA-10003270,0.28253968253968254,0.04706762232439648,0.009638995016581806
623,OFF-PA-10003302,0.2624287992709045,0.03889177285101686,0.008707416242014559
624,OFF-PA-10003309,0.2546476137624861,0.056565928449338054,0.01422419512349956
625,OFF-PA-10003349,0.17402490238064797,0.05280091298132535,0.011368657371002051
626,OFF-PA-10003363,0.5240950226244344,0.07301663287527221,0.019837009215739543
627,OFF-PA-10003395,0.16085996791879148,0.03864874559316531,0.008396213644291717
628,OFF-PA-10003424,0.1261904761904762,0.029061980863585437,0.0040247753405751145
629,OFF-PA-10003441,0.39562084973849676,0.09950874457077644,0.01378051441201847
630,OFF-PA-10003465,0.26944444444444443,0.047433213519242665,0.010529981320937794
631,OFF-PA-10003543,0.19642857142857142,0.04242424242424242,0.006895064873975932
632,OFF-PA-10003591,0.4310606060606061,0.06344699560332194,0.013294549874341907
633,OFF-PA-10003625,0.13324420677361853,0.03172481988309932,0.010425058457222067
634,OFF-PA-10003641,0.2047295218108735,0.04124614426122576,0.009142555726588139
635,OFF-PA-10003651,0.193644975096588,0.03836762499377043,0.007879952241889579
636,OFF-PA-10003656,0.38659450749614677,0.059289476046006616,0.013988086753413575
637,OFF-PA-10003657,0.16899686352434665,0.02639237027646747,0.007065859785965842
638,OFF-PA-10003673,0.28515184244421016,0.04029954791027459,0.007535099259861034
639,OFF-PA-10003724,0.23982641139598287,0.03907994069178327,0.007978895610631647
640,OFF-PA-10003729,0.3857142857142857,0.05813725490196078,0.00954624897679255
641,OFF-PA-10003739,0.08333333333333333,0.024096385542168676,0.004366812227074236
642,OFF-PA-10003790,0.3110644257703081,0.15055401234567903,0.021940276318180102
643,OFF-PA-10003797,0.28413756613756613,0.05283579862268417,0.015003783315573662
644,OFF-PA-10003823,0.4791666666666667,0.05375394196237602,0.011811307963219433
645,OFF-PA-10003845,0.2062854747162023,0.039046282188618026,0.007644029759743122
646,OFF-PA-10003848,0.3272570590131604,0.06198374176804021,0.010880657116387148
647,OFF-PA-10003883,0.25756118881118883,0.09775446155019327,0.010704164083472672
648,OFF-PA-10003892,0.14815922381711855,0.06111234974344224,0.02255069538077554
649,OFF-PA-10003893,0.2507941699534955,0.04780353246476995,0.009598414436233606
650,OFF-PA-10003919,0.15384615384615385,0.021505376344086023,0.004366812227074236
651,OFF-PA-10003936,0.19375,0.13760964912280702,0.014671001988581692
652,OFF-PA-10003953,0.11693223443223441,0.02307840647360981,0.006753780281919147
653,OFF-PA-10003971,0.35942760942760943,0.04370471014492753,0.006673903255260301
654,OFF-PA-10004000,0.10577519379844962,0.02531007336820836,0.006552716927999025
655,OFF-PA-10004022,0.062324929971988796,0.02023338979860719,0.00608884441505995
656,OFF-PA-10004039,0.2729467754467754,0.03086428278231677,0.006297256260589451
657,OFF-PA-10004040,0.33627933932193566,0.06258153041761498,0.013386195118846575
658,OFF-PA-10004041,0.34199716521631224,0.06542117913962524,0.01776538638234876
659,OFF-PA-10004071,0.13137567250278523,0.022162864221914297,0.004297495155696516
660,OFF-PA-10004082,0.389822417685201,0.045643198153915834,0.009233683417604145
661,OFF-PA-10004092,0.3854166666666667,0.081531900934886,0.009209172239043533
662,OFF-PA-10004100,0.2547376961909334,0.05113050298098152,0.011675150979222193
663,OFF-PA-10004101,0.2576194584822712,0.05541563691252847,0.01513138164790366
664,OFF-PA-10004156,0.5076719576719577,0.03735271954149279,0.006975809810923184
665,OFF-PA-10004239,0.12396972311553847,0.03358013942212648,0.007799165282910494
666,OFF-PA-10004243,0.29578703703703707,0.03613713197384679,0.008042360008749139
667,OFF-PA-10004248,0.575,0.0654639175257732,0.019515576749364535
668,OFF-PA-10004255,0.1100620084694495,0.02613260328521652,0.00748350760238109
669,OFF-PA-10004285,0.2469488114224956,0.10507225517530232,0.021200491910450953
670,OFF-PA-10004327,0.15443916928473514,0.030540708346830793,0.0066551981370033325
671,OFF-PA-10004353,0.19973944532768062,0.062359052104261584,0.019067054803851576
672,OFF-PA-10004355,0.10224587442632556,0.03913187375176482,0.006869759913402601
673,OFF-PA-10004359,0.13301770237875715,0.029247056274813617,0.007701175686210704
674,OFF-PA-10004381,0.12564423977017183,0.03731505620952495,0.007748732148793841
675,OFF-PA-10004405,0.9166666666666667,0.21996753246753248,0.045697700887776006
676,OFF-PA-10004438,0.12260908681961313,0.03444512580083992,0.006845285769670968
677,OFF-PA-10004451,0.194040589391633,0.05044363584056283,0.008899468130977665
678,OFF-PA-10004470,0.1623604465709729,0.02842693713219564,0.0056451507083342305
679,OFF-PA-10004475,0.11141845828713838,0.021212639159516405,0.0047869862339140895
680,OFF-PA-10004519,0.16073500967117987,0.03050654990242352,0.007976645242247388
681,OFF-PA-10004530,0.3189703989703989,0.1065151515151515,0.017314229425683288
682,OFF-PA-10004569,0.19067460317460316,0.045846600611841176,0.008566346521583322
683,OFF-PA-10004609,0.18898824538391684,0.028363678673191756,0.00706568009085196
684,OFF-PA-10004610,0.15328541260558806,0.028252021432252267,0.006895081290657955
685,OFF-PA-10004621,0.3703542168309785,0.12545475126565533,0.013755039780518945
686,OFF-PA-10004665,0.2051746456158221,0.05401537460011866,0.010742359472283126
687,OFF-PA-10004675,0.1435081417624521,0.026438283126881217,0.006499053041556718
688,OFF-PA-10004733,0.19838056680161942,0.05636175029500795,0.012004605360618969
689,OFF-PA-10004734,0.27604166666666663,0.1288056206088993,0.017911473875138962
690,OFF-PA-10004735,0.22906322296810405,0.055687050201753574,0.00972777674394344
691,OFF-PA-10004782,0.13125421936897347,0.04679900695910549,0.009544010053237583
692,OFF-PA-10004888,0.1511202213647866,0.041498204799713376,0.007136595961995512
693,OFF-PA-10004911,0.2958041958041958,0.08898607762642245,0.01147320054246446
694,OFF-PA-10004947,0.1876068376068376,0.057714561234329796,0.009017059187201281
695,OFF-PA-10004948,1.0,0.057965686274509806,0.009869264291207384
696,OFF-PA-10004965,0.09125541125541126,0.03592870010429506,0.006368270393787223
697,OFF-PA-10004971,0.11202637555113826,0.02492493186818031,0.0061356573642254615
698,OFF-PA-10004983,0.323442760942761,0.052767113602197636,0.011426157546074346
699,OFF-PA-10004996,0.3504715699837651,0.07463858900793788,0.021372647914276195
700,OFF-ST-10000025,0.27377610521573364,0.07230442310183438,0.014954664869043696
701,OFF-ST-10000036,0.21594027859568,0.03909233169867641,0.008776340907900103
702,OFF-ST-10000046,0.17966313056998234,0.037208098711551146,0.008610438223305027
703,OFF-ST-10000060,0.17173687929762171,0.04111682341528925,0.010182568745726872
704,OFF-ST-10000078,0.2527261953732542,0.04953872125491181,0.014100792924302386
705,OFF-ST-10000107,0.2611111111111111,0.11026636929747273,0.01745670183402154
706,OFF-ST-10000129,0.17405172413793105,0.03290641769904443,0.007648071837136355
707,OFF-ST-10000136,0.2629032258064516,0.07152908067542214,0.01465828292475857
708,OFF-ST-10000142,0.11293965517241378,0.024080392519418587,0.006345499878730581
709,OFF-ST-10000321,0.24681221556221555,0.03375431568532503,0.009280751225881666
710,OFF-ST-10000344,0.31752039884779826,0.0325165265795577,0.008220843328480472
711,OFF-ST-10000352,0.12217675941080197,0.014992388084265965,0.0035921728909184404
712,OFF-ST-10000419,0.26087454212454214,0.04308741394826302,0.007569722052529559
713,OFF-ST-10000464,0.10384518989782147,0.03850738241791043,0.008450710450444288
714,OFF-ST-10000532,0.2488077868776065,0.05449121874440931,0.016097649258704962
715,OFF-ST-10000585,0.47742892028606315,0.045993103529195,0.007743413212019215
716,OFF-ST-10000604,0.2541999408459036,0.04668517536085781,0.008905260904218079
717,OFF-ST-10000615,0.15394472813048665,0.030105308090913985,0.008604280730290525
718,OFF-ST-10000617,0.21791592394533574,0.04492381886056914,0.010733251123991419
719,OFF-ST-10000636,0.4251439037153322,0.053732283583845464,0.016300614383209837
720,OFF-ST-10000642,0.24323796770605285,0.04423598450605623,0.010627180743627819
721,OFF-ST-10000649,0.19241192411924118,0.08301590388273491,0.009218268510688517
722,OFF-ST-10000675,0.2154552877823318,0.052412438766466944,0.013887214849567696
723,OFF-ST-10000676,0.2548076923076923,0.05641025641025641,0.00947043534762833
724,OFF-ST-10000689,0.27003834642723534,0.0517712972126789,0.011432147361057547
725,OFF-ST-10000736,0.22897901457685177,0.050613748461125256,0.011261620777358206
726,OFF-ST-10000760,0.44652813852813855,0.10955318390887525,0.02038691504760603
727,OFF-ST-10000777,0.12864514625263154,0.04212536324733957,0.008764875820383296
728,OFF-ST-10000798,0.4442204301075269,0.09815060892778166,0.010654543621889969
729,OFF-ST-10000876,0.254306825069209,0.04557813939272204,0.00899616170596241
730,OFF-ST-10000877,0.34961484593837533,0.11446232578397211,0.016060065865512455
731,OFF-ST-10000885,0.12985416382717732,0.03231789587780371,0.006260532383940779
732,OFF-ST-10000918,0.13975652152992055,0.02293609041888888,0.00532258671855766
733,OFF-ST-10000934,0.17250000000000001,0.06405758811562526,0.009257898934601858
734,OFF-ST-10000943,0.4319894975534074,0.14951621970829548,0.020275389639049422
735,OFF-ST-10000991,0.20908321673674368,0.058571866089210466,0.010749685245739153
736,OFF-ST-10001031,0.30608118169093784,0.04441792595545695,0.008688963199870794
737,OFF-ST-10001034,0.23809523809523808,0.030303030303030304,0.010309278350515464
738,OFF-ST-10001097,0.27465367965367965,0.037112446284593786,0.008564414730816549
739,OFF-ST-10001128,0.21948088676029853,0.12168522991944124,0.011029184820659033
740,OFF-ST-10001172,0.32795238095238094,0.046165385994471196,0.010725424274499707
741,OFF-ST-10001228,0.21979110708422248,0.041047133613800815,0.010514452152470771
742,OFF-ST-10001272,0.13015873015873014,0.01638769783328942,0.004746538494958728
743,OFF-ST-10001291,0.3341849816849817,0.06325880322349309,0.010365992126601678
744,OFF-ST-10001321,0.2094453802163123,0.03630390456917883,0.007942250812081228
745,OFF-ST-10001325,0.21657511236458607,0.032961490435498904,0.007101252083946723
746,OFF-ST-10001328,0.18752093063812536,0.041334613016524954,0.010395496986942728
747,OFF-ST-10001370,0.3742848297535798,0.09655979525273735,0.013055156961073528
748,OFF-ST-10001414,0.05263157894736842,0.01764705882352941,0.003826530612244898
749,OFF-ST-10001418,0.22714223329235947,0.040648876382290866,0.008156641803563043
750,OFF-ST-10001469,0.17252284752284752,0.05868143810026654,0.011211057681207363
751,OFF-ST-10001476,0.3043160786581839,0.06733583885196184,0.014881442831945474
752,OFF-ST-10001496,0.27018514990341613,0.04618820353060151,0.011266395820831124
753,OFF-ST-10001505,0.3591844919786096,0.06965128890176751,0.015234165097789375
754,OFF-ST-10001511,0.180463026171567,0.07345319998903825,0.013146979661432143
755,OFF-ST-10001522,0.31726556757911745,0.03751182563296703,0.006641723490176189
756,OFF-ST-10001526,0.41092911771484153,0.08700254700254699,0.023080344185842466
757,OFF-ST-10001558,0.25790879039206793,0.06258858016470928,0.01167682788882017
758,OFF-ST-10001580,0.4646929824561403,0.03461480201399556,0.005500014611468777
759,OFF-ST-10001590,0.16919463691909511,0.03696662406843284,0.009291681027362771
760,OFF-ST-10001627,0.3,0.04054054054054054,0.010416666666666666
761,OFF-ST-10001713,0.41722689075630254,0.0509651278423878,0.008812366960111537
762,OFF-ST-10001780,0.1836111111111111,0.03779775179233132,0.008846321150950133
763,OFF-ST-10001837,0.2585955561762014,0.04898855456468957,0.009728556992272647
764,OFF-ST-10001932,0.1822007181250879,0.04179783826827251,0.011092838883185237
765,OFF-ST-10001963,0.1571771978021978,0.050885962721284386,0.011622942637980232
766,OFF-ST-10002011,0.49444444444444446,0.05810119047619047,0.00912530316456786
767,OFF-ST-10002182,0.47138680033416874,0.0670388091440723,0.01570119880983246
768,OFF-ST-10002205,0.15395299145299146,0.06151944806605824,0.009079692237586975
769,OFF-ST-10002214,0.14193253822264518,0.05030658803546146,0.01021644118552326
770,OFF-ST-10002276,0.10011904761904762,0.028624137924596636,0.004478887124414216
771,OFF-ST-10002289,0.16626984126984126,0.030341407818188004,0.0074709137119329
772,OFF-ST-10002292,0.06875,0.021674311926605506,0.005319750990379174
773,OFF-ST-10002301,0.19365963791794572,0.03371555865019074,0.005631242501101985
774,OFF-ST-10002344,0.1207751044981895,0.0304571028826243,0.006618904244536714
775,OFF-ST-10002352,0.22926694364282021,0.060149949884856606,0.012743867756319924
776,OFF-ST-10002370,0.18313549393364384,0.045653905065538986,0.009400243055855921
777,OFF-ST-10002406,0.36727203904876865,0.10521824176170873,0.013507426243270485
778,OFF-ST-10002444,0.11787457912457912,0.031107704620032872,0.007749433776022826
779,OFF-ST-10002485,0.22061393467643467,0.0583899484732692,0.007933224569890089
780,OFF-ST-10002486,0.31958912847088766,0.05577232643183427,0.011923946580078811
781,OFF-ST-10002554,0.21260302971763417,0.041276975407018995,0.009879246336109189
782,OFF-ST-10002562,0.26265891602542657,0.037368346721980764,0.009934171564791773
783,OFF-ST-10002574,0.32273366611601906,0.05516734990341403,0.011878000134856015
784,OFF-ST-10002583,0.1675162650859643,0.04234539647388425,0.009021213755600594
785,OFF-ST-10002615,0.26780834415830995,0.10200070778662833,0.015090585723432382
786,OFF-ST-10002756,0.13986942739478236,0.05039277100217818,0.012735146758553806
787,OFF-ST-10002790,0.09268192125334984,0.02101873994782533,0.00409635570602106
788,OFF-ST-10002957,0.3014020825721593,0.041265823587380256,0.008397672711593676
789,OFF-ST-10002974,0.2983393312340681,0.0468992042924658,0.009015133142649253
790,OFF-ST-10003058,0.19489648111095467,0.041900231207862126,0.011942127543722123
791,OFF-ST-10003123,0.099931658674291,0.025744645925874585,0.0076424658018083074
792,OFF-ST-10003208,0.3114874141876431,0.0437595452948444,0.007998288459737076
793,OFF-ST-10003221,0.41798941798941797,0.03760577780678283,0.0052648891411160035
794,OFF-ST-10003282,0.2583066436724973,0.028644768292959182,0.006811826944909513
795,OFF-ST-10003306,0.21695445669407384,0.03912142312564186,0.00868398655845375
796,OFF-ST-10003324,0.2036290322580645,0.027941176470588237,0.005900912996777658
797,OFF-ST-10003327,0.17531732557199448,0.05486694520479003,0.007887229428195246
798,OFF-ST-10003442,0.24302993467255393,0.046512185557281926,0.008481325197220939
799,OFF-ST-10003455,0.1507910835795648,0.034328606096673854,0.009053425076622787
800,OFF-ST-10003470,0.30922619047619043,0.06700389480118886,0.014479690801420681
801,OFF-ST-10003479,0.3343906028765183,0.08242317137926458,0.013094161013906643
802,OFF-ST-10003572,0.10726351351351351,0.025403799740082927,0.006976605395082359
803,OFF-ST-10003638,0.22927409988385597,0.05091618802875606,0.014555192187341132
804,OFF-ST-10003641,0.11213173958271998,0.02728584546766365,0.009275120837267664
805,OFF-ST-10003656,0.16621496924128504,0.026856952610360176,0.007243259996238964
806,OFF-ST-10003692,0.3955054749172396,0.24836432506887052,0.015110407472883189
807,OFF-ST-10003722,0.209161220043573,0.05444328607172644,0.01379797440807744
808,OFF-ST-10003805,0.20064452289259735,0.09744547155492751,0.010999701343798164
809,OFF-ST-10003816,0.22675786772389206,0.053137615169980446,0.011027372490989146
810,OFF-ST-10003994,0.35345123626373626,0.04297345176531779,0.009864652024720208
811,OFF-ST-10003996,0.16984126984126982,0.032506262619569556,0.006773996235354549
812,OFF-ST-10004123,0.1435916222337801,0.037312901009131455,0.008811382117924685
813,OFF-ST-10004180,0.29844444444444446,0.02342248607734946,0.008508003250475332
814,OFF-ST-10004186,0.16227331227331226,0.036148528555518755,0.010374060475977066
815,OFF-ST-10004258,0.21973720554215911,0.03965480386563981,0.009824474215968736
816,OFF-ST-10004337,0.44641025641025645,0.08897570169867348,0.02915017805815436
817,OFF-ST-10004340,0.2022223666126628,0.04618740319526269,0.010444286630622197
818,OFF-ST-10004459,0.1895589711857283,0.048026988921371486,0.00792420397646749
819,OFF-ST-10004507,0.12342367031229753,0.044699123135595646,0.008296999571569251
820,OFF-ST-10004634,0.2501696950710109,0.03282774439490858,0.0064592565368369334
821,OFF-ST-10004804,0.1944304152637486,0.038299763162319624,0.00985306810055622
822,OFF-ST-10004835,0.2365151515151515,0.019184361179512364,0.004231665383829461
823,OFF-ST-10004946,0.6538461538461539,0.02736581920903955,0.005998903057726587
824,OFF-ST-10004963,0.122859477124183,0.05583682687529249,0.008718180179574502
825,OFF-SU-10000151,0.17587301587301588,0.06136438274369309,0.017304781519069008
826,OFF-SU-10000157,0.20045914170111037,0.05372171388645229,0.0114559104475241
827,OFF-SU-10000381,0.1953125,0.04855185694563318,0.00920414133716652
828,OFF-SU-10000432,0.1582943143812709,0.04339486405696451,0.008577815651861359
829,OFF-SU-10000646,0.19743487506645402,0.03483961425137896,0.007211114110716057
830,OFF-SU-10000898,0.33429768513980357,0.10513581199315288,0.021116730243415083
831,OFF-SU-10000946,0.17611666288136876,0.07869596723216774,0.013191248109999906
832,OFF-SU-10000952,0.2110588235294118,0.03477633477633478,0.006898698358800226
833,OFF-SU-10001165,0.10811303855545887,0.02682775905065281,0.00892387132810912
834,OFF-SU-10001212,0.325,0.02040816326530612,0.005065992626617739
835,OFF-SU-10001218,0.15857061635570407,0.0612444594857671,0.0121403588989964
836,OFF-SU-10001225,0.150670938064562,0.04870758299676676,0.006826790861179479
837,OFF-SU-10001574,0.09600629331701295,0.02435375119239314,0.004955114151645809
838,OFF-SU-10001664,0.18612655499910402,0.034920368402819896,0.007551761285557106
839,OFF-SU-10001935,0.12482045381423174,0.027250187427767896,0.0055480196130629445
840,OFF-SU-10002189,0.12932263814616754,0.031096497123195788,0.00978504864277125
841,OFF-SU-10002301,0.20833333333333331,0.05569031736405902,0.010151515151515151
842,OFF-SU-10002503,0.13473952799510608,0.03998748084139316,0.008533406641122778
843,OFF-SU-10002522,0.12822981366459626,0.029618463146153063,0.0079953996663517
844,OFF-SU-10002537,0.23399017031888095,0.10594698351721803,0.014018649613165008
845,OFF-SU-10002557,0.06358117516012253,0.015097712528435421,0.0035308740816065833
846,OFF-SU-10002573,0.23765639589168996,0.08239247325167195,0.010274059499083037
847,OFF-SU-10002881,0.20068604854708835,0.03347974938178533,0.00978741493672587
848,OFF-SU-10003002,0.12142857142857143,0.02108843537414966,0.007111890047043631
849,OFF-SU-10003505,0.12200300819252433,0.027733285238755283,0.006671556236731977
850,OFF-SU-10003567,0.4243589743589744,0.08071428571428571,0.012171444501517763
851,OFF-SU-10003936,0.75,0.0900735294117647,0.007522738010866998
852,OFF-SU-10004115,0.11402662060556798,0.03789812152252528,0.006780622018029767
853,OFF-SU-10004231,0.23561061061061062,0.06854656136776881,0.011130294824078278
854,OFF-SU-10004261,0.12800145935314897,0.04559574056581677,0.009974195680267918
855,OFF-SU-10004290,0.11481829573934836,0.04417706476530006,0.0065005820233165895
856,OFF-SU-10004498,0.2493501243501243,0.029898465231125534,0.008398274462749118
857,OFF-SU-10004661,0.41545243708431556,0.03722682007400246,0.006791349533950652
858,OFF-SU-10004664,0.35096153846153844,0.0723664574792655,0.016096563317828588
859,OFF-SU-10004737,0.5735294117647058,0.07063677930188468,0.024466377640439074
860,OFF-SU-10004768,0.3244047619047619,0.03436464920204758,0.006703120442126779
861,OFF-SU-10004782,0.11940407565407565,0.03586683683280708,0.007910847595179292
862,OFF-SU-10004884,0.20367965367965368,0.12754107490949596,0.014591782208509674
