,Product_ID,Cluster
0,FUR-BO-10001798,2
1,FUR-CH-10000454,2
2,OFF-LA-10000240,0
3,FUR-TA-10000577,2
4,OFF-ST-10000760,0
5,FUR-FU-10001487,2
6,OFF-AR-10002833,0
7,TEC-PH-10002275,1
8,OFF-BI-10003910,3
9,OFF-AP-10002892,0
10,FUR-TA-10001539,2
11,TEC-PH-10002033,1
12,OFF-PA-10002365,0
13,OFF-BI-10003656,3
14,OFF-AP-10002311,0
15,OFF-BI-10000756,3
16,OFF-ST-10004186,0
17,OFF-ST-10000107,0
18,OFF-AR-10003056,0
19,TEC-PH-10001949,1
20,OFF-BI-10002215,3
21,OFF-AR-10000246,0
22,OFF-AP-10001492,0
23,FUR-CH-10002774,2
25,OFF-BI-10001634,3
26,TEC-AC-10003027,1
27,FUR-BO-10004834,2
28,OFF-BI-10000474,3
29,FUR-FU-10004848,2
30,OFF-EN-10001509,0
31,OFF-AR-10004042,0
32,OFF-BI-10001525,3
33,OFF-AR-10001683,0
34,OFF-PA-10000249,0
35,TEC-PH-10004977,1
36,FUR-FU-10003664,2
37,OFF-EN-10002986,0
38,FUR-BO-10002545,2
39,FUR-CH-10004218,2
40,TEC-PH-10000486,1
41,TEC-PH-10004093,1
42,OFF-ST-10003479,0
43,OFF-ST-10003282,0
44,TEC-AC-10000171,1
45,OFF-BI-10003291,3
46,OFF-ST-10001713,0
47,TEC-AC-10002167,1
48,TEC-PH-10003988,1
49,OFF-BI-10004410,3
50,OFF-LA-10002762,0
51,FUR-FU-10001706,2
52,FUR-CH-10003061,2
53,OFF-FA-10000304,0
54,TEC-PH-10002447,1
55,OFF-ST-10000604,0
56,OFF-PA-10001569,0
57,FUR-CH-10003968,2
58,OFF-PA-10000587,0
60,OFF-BI-10001460,3
61,OFF-AR-10001868,0
62,TEC-AC-10004633,1
63,OFF-BI-10001078,3
64,OFF-PA-10003892,0
65,FUR-FU-10000397,2
66,FUR-CH-10001146,2
67,OFF-AR-10002671,0
68,TEC-PH-10002726,1
69,OFF-PA-10000482,0
70,OFF-BI-10004654,3
71,OFF-PA-10004675,0
72,FUR-CH-10000513,2
73,FUR-FU-10003708,2
74,OFF-ST-10004123,0
75,OFF-BI-10004182,3
76,FUR-FU-10000260,2
77,OFF-ST-10000615,0
78,FUR-FU-10003194,2
79,OFF-AP-10002118,0
80,OFF-BI-10002309,3
81,OFF-AR-10002053,0
82,OFF-ST-10002370,0
83,OFF-EN-10000927,0
84,OFF-ST-10003656,0
85,FUR-CH-10000863,2
86,TEC-AC-10001998,1
87,OFF-LA-10000134,0
88,OFF-ST-10003442,0
89,OFF-AR-10004930,0
91,OFF-PA-10000304,0
92,OFF-PA-10003177,0
93,FUR-FU-10003799,2
94,OFF-BI-10002852,3
95,OFF-BI-10004738,3
96,FUR-FU-10000629,2
97,OFF-BI-10001721,3
98,OFF-AP-10000358,0
99,OFF-PA-10003256,0
100,TEC-AC-10001767,1
101,OFF-BI-10002609,3
102,OFF-PA-10004040,0
103,TEC-AC-10001552,1
104,FUR-FU-10004006,2
105,OFF-BI-10002794,3
106,TEC-AC-10003499,1
107,TEC-PH-10002844,1
108,OFF-AR-10000390,0
109,TEC-AC-10000844,1
110,FUR-FU-10001934,2
111,OFF-AR-10000380,0
112,OFF-BI-10003981,3
113,OFF-FA-10000621,0
114,OFF-EN-10002600,0
115,OFF-PA-10004965,0
116,OFF-EN-10002504,0
117,FUR-TA-10001768,2
118,OFF-BI-10003650,3
119,FUR-FU-10002157,2
121,OFF-ST-10000777,0
122,OFF-EN-10002500,0
123,TEC-PH-10003875,1
124,FUR-CH-10004063,2
125,FUR-TA-10004534,2
126,OFF-BI-10003274,3
127,OFF-ST-10002974,0
129,FUR-FU-10003773,2
130,TEC-PH-10002293,1
131,OFF-PA-10002377,0
132,OFF-FA-10002780,0
133,OFF-PA-10001804,0
134,OFF-PA-10001736,0
135,OFF-AR-10001149,0
136,OFF-FA-10002988,0
137,OFF-BI-10004781,3
138,OFF-SU-10001218,0
141,OFF-AR-10000940,0
142,OFF-EN-10004030,0
143,OFF-PA-10004327,0
144,OFF-AP-10001058,0
146,FUR-FU-10000521,2
147,TEC-PH-10000215,1
148,TEC-PH-10001448,1
150,OFF-BI-10002735,3
151,OFF-AP-10000326,0
152,TEC-PH-10001254,1
153,OFF-PA-10001950,0
154,OFF-PA-10002254,0
155,OFF-ST-10001590,0
156,OFF-AR-10001547,0
158,OFF-LA-10002475,0
159,TEC-PH-10004536,1
160,OFF-PA-10002751,0
161,TEC-AC-10003657,1
162,OFF-EN-10001990,0
163,OFF-BI-10004002,3
164,OFF-AR-10004441,0
165,TEC-MA-10000822,1
166,OFF-ST-10000991,0
167,FUR-CH-10004287,2
168,OFF-AR-10002656,0
169,OFF-AP-10002518,0
170,TEC-PH-10003931,1
171,OFF-PA-10000659,0
172,OFF-PA-10001144,0
173,FUR-CH-10003817,2
174,OFF-AP-10000891,0
175,OFF-LA-10003148,0
176,OFF-AP-10002684,0
177,FUR-CH-10004698,2
178,OFF-SU-10002189,0
179,OFF-AR-10001940,0
180,OFF-ST-10003455,0
181,TEC-AC-10004659,1
182,TEC-PH-10003273,1
183,TEC-PH-10004896,1
184,TEC-AC-10002345,1
185,OFF-BI-10001890,3
186,TEC-AC-10002323,1
187,OFF-ST-10001328,0
189,FUR-BO-10002613,2
190,TEC-PH-10001552,1
191,OFF-PA-10000061,0
193,OFF-AR-10003514,0
195,OFF-AR-10004685,0
196,OFF-AR-10004027,0
197,OFF-ST-10001414,0
198,OFF-BI-10000343,3
199,OFF-PA-10002749,0
200,OFF-PA-10002666,0
201,FUR-TA-10004289,2
202,OFF-AP-10003622,0
203,OFF-AP-10003217,0
204,FUR-FU-10002960,2
205,TEC-PH-10001918,1
206,OFF-ST-10000642,0
207,TEC-PH-10001700,1
209,OFF-FA-10000134,0
210,OFF-ST-10001522,0
211,TEC-AC-10001266,1
212,OFF-LA-10004544,0
213,FUR-BO-10004695,2
215,TEC-MA-10000864,1
216,TEC-AC-10000109,1
218,TEC-PH-10002563,1
219,OFF-FA-10000585,0
220,OFF-PA-10004000,0
222,FUR-FU-10000087,2
223,TEC-MA-10001148,1
224,OFF-AR-10001958,0
225,OFF-AR-10001026,0
226,FUR-TA-10003748,2
227,OFF-ST-10002485,0
228,FUR-CH-10004860,2
229,FUR-CH-10004477,2
230,OFF-BI-10001679,3
231,FUR-TA-10001705,2
232,FUR-TA-10003473,2
234,FUR-FU-10004017,2
235,TEC-AC-10003832,1
236,OFF-PA-10002479,0
237,OFF-PA-10003349,0
238,FUR-FU-10000576,2
239,FUR-FU-10004351,2
240,TEC-PH-10000011,1
241,FUR-TA-10002607,2
242,FUR-FU-10002505,2
245,OFF-ST-10002276,0
246,OFF-PA-10004082,0
247,OFF-AP-10002945,0
249,FUR-CH-10002965,2
250,OFF-PA-10004569,0
252,OFF-ST-10001228,0
253,OFF-EN-10003296,0
255,OFF-ST-10004804,0
257,TEC-PH-10001580,1
258,TEC-AC-10000290,1
259,OFF-ST-10002790,0
260,OFF-BI-10003460,3
261,OFF-AP-10002203,0
263,TEC-MA-10003353,1
264,TEC-PH-10001433,1
265,TEC-AC-10004469,1
266,OFF-AR-10003602,0
267,OFF-FA-10003472,0
268,OFF-ST-10004180,0
269,OFF-EN-10004386,0
270,OFF-ST-10003208,0
271,TEC-AC-10003628,1
272,FUR-FU-10003274,2
273,OFF-BI-10002557,3
274,OFF-PA-10002615,0
275,OFF-AR-10001427,0
276,OFF-PA-10000673,0
277,OFF-PA-10004470,0
278,OFF-ST-10000876,0
279,OFF-LA-10002043,0
280,OFF-BI-10004967,3
281,TEC-PH-10001760,1
282,FUR-TA-10002903,2
283,OFF-PA-10000474,0
284,TEC-AC-10001956,1
285,OFF-PA-10004100,0
286,OFF-BI-10000778,3
288,OFF-SU-10000646,0
289,OFF-FA-10002983,0
290,OFF-LA-10004689,0
291,TEC-AC-10002001,1
292,FUR-BO-10004709,2
293,FUR-FU-10004091,2
294,FUR-CH-10001891,2
295,FUR-FU-10002918,2
296,OFF-BI-10004593,3
297,OFF-FA-10004854,0
298,OFF-PA-10002105,0
299,OFF-ST-10002756,0
300,OFF-PA-10004243,0
301,FUR-FU-10001861,2
302,OFF-BI-10002706,3
303,FUR-TA-10002533,2
304,FUR-FU-10002671,2
305,OFF-AR-10003651,0
306,OFF-BI-10001072,3
307,OFF-AR-10002135,0
308,OFF-AR-10002804,0
309,FUR-FU-10001918,2
310,FUR-CH-10004086,2
311,FUR-FU-10001756,2
312,OFF-LA-10000634,0
313,FUR-FU-10001588,2
314,TEC-PH-10002398,1
315,OFF-PA-10001937,0
316,OFF-AR-10003373,0
317,FUR-CH-10002602,2
318,TEC-MA-10002927,1
320,TEC-AC-10000892,1
322,OFF-FA-10000624,0
324,TEC-AC-10001908,1
325,FUR-FU-10001967,2
326,TEC-PH-10003645,1
327,OFF-ST-10000675,0
328,FUR-CH-10003312,2
329,OFF-LA-10001074,0
330,OFF-BI-10001524,3
331,TEC-PH-10004614,1
332,OFF-BI-10001153,3
333,OFF-BI-10001982,3
334,OFF-BI-10001922,3
335,TEC-CO-10001449,1
336,OFF-BI-10004140,3
337,OFF-BI-10003314,3
338,FUR-TA-10004575,2
339,OFF-FA-10000490,0
340,OFF-AR-10000122,0
343,TEC-PH-10000702,1
348,OFF-AR-10001374,0
350,OFF-PA-10001970,3
351,OFF-BI-10002160,3
353,OFF-BI-10004995,3
354,FUR-BO-10002268,2
355,OFF-EN-10001137,0
356,OFF-AR-10002399,0
357,OFF-PA-10002713,0
359,OFF-AP-10001124,0
360,OFF-LA-10001158,0
362,FUR-CH-10000785,2
363,OFF-AR-10003732,0
364,FUR-FU-10000023,2
366,OFF-BI-10002412,3
367,OFF-SU-10001225,0
368,OFF-ST-10002406,0
370,OFF-PA-10002036,0
371,OFF-ST-10002205,0
373,TEC-AC-10003911,1
374,OFF-AR-10000658,0
375,TEC-AC-10002076,1
376,OFF-PA-10003039,0
377,FUR-TA-10004915,2
378,OFF-AP-10000696,0
379,OFF-ST-10003327,0
380,OFF-BI-10000309,3
381,OFF-PA-10004734,0
382,OFF-BI-10002225,3
383,TEC-AC-10004708,1
384,FUR-TA-10000617,2
385,TEC-AC-10002335,1
386,TEC-MA-10001681,1
387,FUR-FU-10001935,2
388,OFF-AR-10004757,0
389,OFF-BI-10000050,3
391,TEC-PH-10003012,1
392,TEC-CO-10002313,1
393,OFF-BI-10003982,3
394,OFF-BI-10004492,3
395,OFF-ST-10000798,0
396,OFF-PA-10002552,0
397,OFF-SU-10002573,0
398,OFF-ST-10001580,0
400,OFF-ST-10000934,0
401,TEC-AC-10000158,1
402,OFF-PA-10001947,0
403,OFF-AR-10003478,0
404,OFF-AP-10004249,0
406,TEC-CO-10004115,1
407,OFF-PA-10003724,0
408,FUR-TA-10002041,2
409,OFF-PA-10002893,0
410,OFF-LA-10003766,0
412,FUR-BO-10001972,2
413,FUR-CH-10003956,2
414,OFF-PA-10000157,0
416,OFF-AR-10004344,0
417,FUR-CH-10004886,2
418,OFF-PA-10003845,0
419,OFF-AR-10001573,0
420,OFF-EN-10000483,0
421,TEC-AC-10004114,1
422,FUR-FU-10004712,2
423,OFF-ST-10000918,0
424,FUR-CH-10000015,2
425,FUR-FU-10003347,2
426,OFF-BI-10001543,3
427,TEC-MA-10000029,1
428,OFF-AR-10000369,0
429,OFF-BI-10004584,3
432,OFF-ST-10000617,0
433,OFF-ST-10003306,0
434,OFF-BI-10000773,3
435,TEC-AC-10002600,1
436,TEC-MA-10002937,1
438,OFF-PA-10002230,0
439,FUR-CH-10003396,2
440,FUR-FU-10000246,2
441,OFF-ST-10000060,0
442,OFF-ST-10003058,0
443,OFF-PA-10002222,0
444,FUR-CH-10002372,2
445,OFF-LA-10001317,0
446,FUR-FU-10000206,2
447,OFF-AR-10000588,0
448,OFF-ST-10001469,0
449,OFF-AR-10001953,0
450,OFF-AR-10003156,0
451,OFF-AR-10004974,0
452,TEC-PH-10002365,1
454,OFF-ST-10000142,0
455,TEC-AC-10001772,1
456,FUR-CH-10000225,2
457,FUR-CH-10002331,2
458,OFF-EN-10001415,0
459,OFF-AP-10002472,0
460,TEC-AC-10004571,1
461,OFF-BI-10001098,3
463,FUR-TA-10001889,2
464,OFF-BI-10000315,3
465,OFF-SU-10003505,0
466,OFF-AP-10002578,0
468,FUR-BO-10002824,2
469,OFF-BI-10002194,3
470,OFF-PA-10004071,0
471,OFF-ST-10002743,3
472,FUR-BO-10001601,2
473,TEC-PH-10002680,1
474,OFF-ST-10001321,0
475,OFF-PA-10001509,0
476,OFF-PA-10003465,0
477,TEC-PH-10000149,1
479,OFF-AR-10003045,0
480,OFF-ST-10000689,0
481,TEC-AC-10001445,1
483,TEC-AC-10002567,1
484,OFF-LA-10003923,0
485,FUR-BO-10001337,2
486,TEC-PH-10001924,1
487,TEC-PH-10001363,1
488,TEC-PH-10000376,1
489,TEC-AC-10000303,1
491,OFF-ST-10001809,3
492,OFF-EN-10003845,0
493,TEC-AC-10000991,1
494,FUR-TA-10001857,2
495,OFF-EN-10001434,0
496,OFF-BI-10002498,3
497,FUR-FU-10004864,2
499,FUR-FU-10000073,2
500,OFF-BI-10001670,3
501,OFF-BI-10001658,3
502,FUR-CH-10001215,2
503,OFF-BI-10000831,3
504,OFF-PA-10000357,0
506,OFF-AR-10001662,0
507,OFF-AR-10003856,0
509,OFF-BI-10003527,3
510,FUR-FU-10001290,2
511,TEC-AC-10002399,1
513,OFF-AR-10003811,0
514,OFF-AR-10001246,0
515,TEC-CO-10003236,1
516,OFF-ST-10004507,0
517,OFF-PA-10001667,0
518,OFF-ST-10004459,0
520,OFF-ST-10000736,0
521,OFF-BI-10000285,3
523,TEC-PH-10003555,1
525,OFF-FA-10002815,0
526,FUR-CH-10003379,2
528,OFF-ST-10004963,0
529,OFF-SU-10002881,0
530,OFF-EN-10001335,0
531,FUR-CH-10000595,2
532,FUR-FU-10000448,2
533,TEC-PH-10000984,1
535,OFF-ST-10001325,0
536,OFF-BI-10002429,3
537,OFF-BI-10004528,3
538,OFF-AP-10001271,0
539,FUR-CH-10002647,2
540,TEC-AC-10001432,1
541,TEC-PH-10002262,1
543,TEC-AC-10001465,1
544,TEC-PH-10002597,1
545,FUR-FU-10000723,2
546,OFF-BI-10000404,3
547,OFF-PA-10002986,0
550,OFF-SU-10001935,0
551,FUR-CH-10002024,2
552,FUR-FU-10003039,2
553,OFF-FA-10004248,0
554,OFF-ST-10001780,0
555,OFF-AR-10003560,0
556,OFF-LA-10001297,0
557,FUR-TA-10004256,2
558,OFF-PA-10003441,0
560,OFF-BI-10000069,3
561,OFF-AP-10003914,0
562,FUR-FU-10004020,2
563,OFF-FA-10003467,0
565,TEC-PH-10002496,1
566,OFF-PA-10004530,0
567,OFF-BI-10001107,3
568,OFF-PA-10004451,0
569,FUR-CH-10004997,2
573,TEC-PH-10000347,1
574,OFF-AR-10003394,0
576,OFF-PA-10001450,0
577,OFF-SU-10001574,0
579,FUR-FU-10001475,2
580,OFF-SU-10004498,0
582,TEC-PH-10000586,1
584,OFF-BI-10002764,3
587,OFF-LA-10003930,0
588,TEC-PH-10003800,1
589,OFF-PA-10002005,0
591,OFF-PA-10004101,0
592,OFF-AR-10004078,3
594,OFF-AP-10004708,0
597,FUR-FU-10001979,2
598,OFF-SU-10004115,0
599,TEC-PH-10001425,1
600,TEC-PH-10003963,1
602,OFF-ST-10001490,3
606,OFF-PA-10002120,0
607,OFF-BI-10000848,3
609,TEC-PH-10003092,1
611,OFF-LA-10004345,0
612,OFF-PA-10001204,0
613,TEC-PH-10004667,1
615,OFF-BI-10002949,3
616,FUR-FU-10003849,2
617,FUR-FU-10000010,2
618,OFF-BI-10002824,3
619,TEC-PH-10002538,1
621,OFF-BI-10002103,3
622,FUR-CH-10004853,2
623,OFF-AP-10000179,0
624,OFF-ST-10001272,0
626,FUR-FU-10000221,2
627,OFF-AP-10001563,0
628,OFF-BI-10000605,3
630,OFF-ST-10001963,0
631,TEC-AC-10001267,1
632,TEC-PH-10002103,1
633,TEC-AC-10002857,1
635,FUR-CH-10001482,2
636,OFF-BI-10001989,3
637,OFF-AP-10003287,0
639,OFF-BI-10004728,3
640,FUR-FU-10000732,2
641,OFF-ST-10000585,0
642,OFF-LA-10002787,0
644,OFF-PA-10001934,0
645,OFF-AP-10002457,0
646,OFF-FA-10003112,0
647,OFF-AP-10002350,0
650,TEC-AC-10001142,1
653,TEC-AC-10001101,1
654,OFF-AP-10002439,0
655,OFF-BI-10002827,3
656,OFF-EN-10002230,0
660,OFF-ST-10001511,0
665,OFF-SU-10004231,0
667,TEC-PH-10004042,1
668,FUR-FU-10003096,2
669,FUR-FU-10002759,2
670,FUR-TA-10000688,2
672,OFF-AR-10001954,0
673,OFF-AP-10004532,0
674,OFF-PA-10002137,0
676,OFF-AP-10000804,0
677,TEC-AC-10003614,1
678,FUR-FU-10003553,2
679,OFF-BI-10004632,3
680,OFF-BI-10003305,3
681,OFF-ST-10002583,0
683,TEC-MA-10004125,1
686,OFF-LA-10001934,0
688,FUR-BO-10004015,2
689,FUR-FU-10004071,2
691,OFF-ST-10002444,0
692,TEC-AC-10002253,1
693,OFF-PA-10000743,0
695,OFF-LA-10002312,0
697,OFF-LA-10003510,0
698,OFF-AR-10001118,0
699,OFF-BI-10001575,3
702,FUR-FU-10003394,2
703,FUR-TA-10002774,2
704,OFF-PA-10001800,0
705,OFF-AP-10001469,0
708,FUR-BO-10003272,2
711,OFF-EN-10001219,0
712,OFF-AP-10001154,0
714,TEC-AC-10001606,1
715,OFF-BI-10003355,3
717,FUR-FU-10002253,2
720,OFF-PA-10004092,0
721,FUR-TA-10000198,2
722,OFF-ST-10000036,0
723,FUR-FU-10000222,2
724,OFF-SU-10004664,0
725,OFF-EN-10001141,0
726,TEC-PH-10002170,1
727,OFF-PA-10001954,0
728,FUR-TA-10002228,2
729,OFF-ST-10004634,0
733,TEC-AC-10003610,1
736,FUR-BO-10001619,2
737,OFF-BI-10000138,3
738,TEC-AC-10001383,1
739,OFF-LA-10003223,0
741,OFF-BI-10004094,3
744,OFF-PA-10004971,0
745,OFF-SU-10004261,0
748,TEC-PH-10000004,1
749,OFF-BI-10003638,3
750,FUR-FU-10003577,2
752,OFF-BI-10000546,3
753,TEC-CO-10002095,1
755,FUR-TA-10001095,2
761,OFF-LA-10004484,0
764,OFF-EN-10001532,0
765,TEC-AC-10003174,1
766,OFF-BI-10004187,3
767,OFF-ST-10000025,0
768,FUR-FU-10004306,2
769,FUR-CH-10003746,2
770,OFF-BI-10001036,3
772,OFF-BI-10000301,3
774,OFF-AR-10004648,0
775,FUR-FU-10002597,2
776,OFF-AR-10003405,0
777,FUR-CH-10002335,2
780,OFF-PA-10003657,0
783,FUR-BO-10004409,2
784,TEC-AC-10000057,1
785,OFF-EN-10000056,0
786,OFF-BI-10000014,3
787,FUR-CH-10004675,2
790,OFF-BI-10001132,3
791,FUR-CH-10003199,2
792,TEC-PH-10001530,1
793,OFF-LA-10001569,0
796,OFF-PA-10000176,0
798,OFF-LA-10002271,0
800,FUR-FU-10004090,2
802,OFF-AP-10000576,0
803,OFF-PA-10003953,0
804,FUR-FU-10000794,2
805,OFF-AR-10001897,0
806,TEC-PH-10001795,1
808,TEC-AC-10004901,1
809,OFF-AR-10003190,0
811,OFF-AP-10000240,0
814,TEC-AC-10001838,1
816,OFF-PA-10003651,0
818,OFF-BI-10003094,3
819,FUR-CH-10001394,2
820,OFF-BI-10004230,3
821,OFF-PA-10003395,0
822,TEC-AC-10002402,1
824,TEC-AC-10003441,1
826,OFF-FA-10002280,3
827,OFF-SU-10000381,0
828,OFF-EN-10004459,0
829,FUR-CH-10000665,2
830,OFF-AP-10003884,0
831,TEC-PH-10001557,1
832,TEC-PH-10002085,1
833,OFF-AR-10002956,0
834,OFF-AP-10003266,0
835,TEC-MA-10004002,1
836,OFF-BI-10001071,3
837,OFF-PA-10001560,0
840,OFF-AR-10002578,0
841,FUR-BO-10001519,2
842,OFF-BI-10001294,3
843,OFF-BI-10001636,3
844,OFF-SU-10002503,0
845,OFF-LA-10004093,0
848,FUR-FU-10003878,2
849,TEC-AC-10000710,1
850,OFF-AR-10002335,0
851,OFF-PA-10001870,0
855,OFF-PA-10001019,0
856,OFF-SU-10002537,0
857,OFF-ST-10003221,0
861,OFF-AR-10003752,0
862,TEC-AC-10001714,1
863,OFF-AR-10003958,0
864,TEC-PH-10002923,1
865,OFF-LA-10004272,0
866,FUR-FU-10000965,2
867,OFF-LA-10004853,0
868,OFF-BI-10003719,3
869,OFF-BI-10000545,3
871,OFF-PA-10003591,0
874,OFF-PA-10001790,0
877,TEC-AC-10002049,1
878,OFF-BI-10003712,3
879,OFF-BI-10003984,3
884,FUR-FU-10001424,2
885,OFF-BI-10002071,3
886,OFF-ST-10002486,0
889,TEC-AC-10000927,1
891,OFF-PA-10001622,0
892,OFF-AR-10003158,0
893,TEC-PH-10002660,1
895,OFF-BI-10003364,3
896,OFF-EN-10001099,0
898,OFF-PA-10002250,0
899,OFF-BI-10004716,3
900,OFF-LA-10001045,0
901,OFF-BI-10001510,3
903,OFF-PA-10002947,0
905,OFF-PA-10000019,0
906,FUR-BO-10003441,2
907,TEC-PH-10004774,1
908,OFF-BI-10003684,3
909,TEC-PH-10001494,1
910,TEC-AC-10004666,1
911,OFF-ST-10003816,0
915,FUR-TA-10001520,2
919,OFF-ST-10001558,0
921,TEC-AC-10002473,1
922,TEC-PH-10004531,1
923,OFF-AP-10004487,0
925,OFF-PA-10003543,0
926,TEC-AC-10004353,1
930,OFF-AR-10001468,0
932,OFF-PA-10002195,0
933,OFF-PA-10001745,0
934,OFF-BI-10004826,3
938,OFF-PA-10000289,0
939,OFF-AP-10003040,0
940,OFF-PA-10000350,0
941,OFF-BI-10001759,3
944,OFF-ST-10001496,0
945,OFF-BI-10002931,3
946,FUR-TA-10002356,2
947,FUR-FU-10003601,2
949,FUR-TA-10004154,2
950,OFF-PA-10000788,0
952,FUR-FU-10001940,2
957,OFF-BI-10004465,3
958,OFF-PA-10002333,0
959,FUR-FU-10004188,2
961,OFF-BI-10000145,3
963,OFF-LA-10001613,3
964,OFF-LA-10004055,0
966,OFF-PA-10004621,0
967,OFF-PA-10001281,0
969,OFF-ST-10001097,0
970,FUR-FU-10001095,2
976,OFF-BI-10002012,3
979,OFF-PA-10004156,0
981,OFF-AR-10000034,0
982,TEC-PH-10000560,1
985,OFF-EN-10000461,0
986,TEC-MA-10003066,1
987,OFF-BI-10004022,3
989,OFF-AR-10001988,0
993,OFF-PA-10003625,0
994,OFF-BI-10003925,3
996,OFF-EN-10003862,0
997,OFF-ST-10004258,0
998,FUR-FU-10002885,2
1001,TEC-AC-10003033,1
1004,OFF-ST-10000046,0
1007,OFF-BI-10002049,3
1010,FUR-FU-10001602,2
1012,OFF-ST-10003722,0
1014,TEC-AC-10003198,1
1016,FUR-FU-10002191,2
1018,TEC-PH-10004188,1
1019,OFF-ST-10001526,0
1020,OFF-AR-10001166,0
1021,FUR-CH-10000309,2
1022,TEC-MA-10004212,1
1023,OFF-EN-10003072,0
1024,OFF-BI-10000320,3
1025,OFF-PA-10001166,0
1026,OFF-PA-10003656,0
1027,TEC-PH-10000148,1
1029,TEC-PH-10003885,1
1032,OFF-LA-10001175,0
1033,OFF-PA-10000955,0
1036,FUR-FU-10003975,2
1037,OFF-BI-10003707,3
1038,OFF-AR-10000203,0
1039,OFF-AR-10004790,0
1041,TEC-AC-10004761,1
1042,FUR-BO-10001811,2
1043,OFF-AR-10001130,0
1044,OFF-AP-10000055,0
1045,FUR-CH-10002304,2
1050,FUR-FU-10000293,2
1051,OFF-PA-10001307,0
1052,FUR-FU-10004460,2
1053,OFF-AR-10000716,0
1054,FUR-FU-10004622,2
1056,OFF-BI-10003529,3
1057,OFF-BI-10001097,3
1058,OFF-BI-10001597,3
1059,OFF-FA-10001754,0
1062,OFF-FA-10004838,0
1064,TEC-PH-10002115,1
1065,OFF-FA-10003059,0
1066,OFF-BI-10004330,3
1072,OFF-BI-10003669,3
1073,OFF-BI-10003727,3
1075,TEC-AC-10003447,1
1076,OFF-AR-10000255,0
1077,OFF-AP-10002191,0
1080,OFF-PA-10000349,0
1081,FUR-CH-10002880,2
1083,OFF-PA-10003127,0
1085,TEC-MA-10003979,1
1086,OFF-PA-10000029,0
1088,OFF-LA-10000452,0
1090,TEC-PH-10001819,1
1091,OFF-AR-10002952,0
1092,TEC-PH-10000576,1
1093,OFF-PA-10000605,0
1095,OFF-ST-10004340,0
1096,OFF-BI-10004001,3
1097,FUR-TA-10004147,2
1098,OFF-AR-10001545,0
1100,TEC-AC-10001013,1
1101,OFF-AR-10002255,0
1104,OFF-PA-10001892,0
1107,OFF-BI-10003676,3
1108,OFF-FA-10003495,0
1109,OFF-EN-10003798,0
1110,TEC-PH-10003589,1
1111,OFF-PA-10004735,0
1114,FUR-BO-10002206,2
1119,OFF-PA-10000141,0
1121,TEC-PH-10001061,1
1122,OFF-AR-10002375,0
1125,OFF-EN-10001539,0
1129,FUR-TA-10004086,2
1130,OFF-PA-10000100,0
1134,OFF-LA-10000973,0
1135,OFF-ST-10001476,0
1136,OFF-EN-10002831,0
1138,OFF-PA-10001763,0
1140,OFF-BI-10002072,3
1142,OFF-FA-10001561,0
1144,TEC-MA-10004241,1
1146,OFF-AP-10003849,0
1147,OFF-FA-10000735,0
1148,OFF-BI-10003350,3
1149,TEC-PH-10000307,1
1150,TEC-CO-10004202,1
1151,FUR-FU-10001852,2
1152,OFF-AR-10003759,0
1154,OFF-ST-10004337,0
1155,FUR-TA-10001932,2
1158,FUR-CH-10002126,2
1162,TEC-PH-10004700,1
1164,OFF-BI-10003429,3
1167,FUR-FU-10004952,2
1169,OFF-PA-10003172,0
1170,OFF-ST-10002352,0
1171,OFF-PA-10002259,0
1172,OFF-BI-10002976,3
1174,OFF-BI-10003694,3
1176,OFF-LA-10004425,0
1177,FUR-CH-10001270,2
1180,TEC-PH-10004539,1
1181,OFF-AR-10001919,0
1183,TEC-PH-10003655,1
1184,OFF-BI-10004656,3
1185,OFF-ST-10002344,0
1189,TEC-PH-10004447,1
1190,FUR-CH-10003973,2
1192,OFF-PA-10000682,0
1194,FUR-FU-10002268,2
1197,TEC-AC-10001990,1
1198,FUR-CH-10004540,2
1203,OFF-ST-10002292,0
1209,OFF-AR-10004999,0
1210,OFF-BI-10001031,3
1213,OFF-BI-10002432,3
1217,FUR-FU-10001867,2
1219,TEC-PH-10002200,1
1221,TEC-PH-10000439,1
1225,OFF-PA-10001685,0
1226,OFF-ST-10001418,0
1227,OFF-ST-10000676,0
1230,OFF-AR-10001022,0
1232,OFF-EN-10003055,0
1233,TEC-CO-10001046,1
1234,FUR-FU-10000076,2
1236,FUR-FU-10003268,2
1238,FUR-FU-10003691,2
1239,OFF-AR-10003903,0
1241,TEC-PH-10003442,1
1242,OFF-BI-10004519,3
1244,OFF-EN-10004955,0
1245,FUR-TA-10004619,2
1247,FUR-BO-10004467,2
1248,OFF-AR-10002280,0
1249,FUR-CH-10001708,2
1251,OFF-AR-10000462,0
1252,TEC-PH-10004165,1
1255,FUR-FU-10003724,2
1256,FUR-FU-10003535,2
1258,OFF-ST-10003716,3
1260,TEC-PH-10004586,1
1261,OFF-BI-10004236,3
1265,OFF-AR-10000422,0
1269,OFF-PA-10002870,0
1270,OFF-ST-10000563,3
1272,OFF-BI-10002854,3
1274,FUR-CH-10001973,2
1276,TEC-AC-10000580,1
1277,OFF-AR-10004022,0
1278,TEC-AC-10004209,1
1279,TEC-AC-10000023,1
1280,TEC-PH-10003505,1
1281,OFF-LA-10000121,0
1282,OFF-BI-10002026,3
1283,OFF-PA-10000994,0
1284,OFF-BI-10002813,3
1286,OFF-AR-10004817,0
1289,OFF-AR-10001860,0
1290,OFF-BI-10004970,3
1293,OFF-PA-10002968,0
1302,FUR-BO-10003433,2
1303,FUR-FU-10002554,2
1305,TEC-PH-10003437,1
1308,OFF-AP-10003971,0
1310,FUR-CH-10003846,2
1311,OFF-LA-10001404,0
1312,OFF-LA-10001474,0
1314,OFF-PA-10003072,0
1315,FUR-FU-10004960,2
1317,TEC-AC-10003116,1
1322,OFF-AP-10004859,0
1323,OFF-PA-10002659,0
1325,OFF-BI-10004139,3
1328,OFF-AR-10002818,0
1333,OFF-AP-10001303,0
1335,OFF-ST-10002574,0
1337,FUR-FU-10004018,2
1338,TEC-PH-10002549,1
1339,OFF-PA-10004911,0
1340,TEC-MA-10002178,1
1343,OFF-AR-10000411,0
1344,OFF-LA-10000262,0
1346,OFF-PA-10000466,0
1347,OFF-AR-10003829,0
1348,OFF-BI-10001758,3
1349,OFF-BI-10000136,3
1351,OFF-ST-10000649,0
1357,OFF-PA-10003641,0
1359,FUR-CH-10002961,2
1361,OFF-PA-10004041,0
1362,TEC-PH-10001336,1
1364,TEC-MA-10003183,1
1365,TEC-AC-10001314,1
1371,TEC-AC-10004510,1
1373,OFF-BI-10000042,3
1374,FUR-TA-10003008,2
1375,OFF-AP-10003590,0
1376,OFF-PA-10000806,0
1377,OFF-AR-10000896,0
1378,TEC-PH-10002310,1
1379,OFF-ST-10002289,0
1383,OFF-PA-10001289,0
1384,OFF-FA-10000053,0
1387,OFF-EN-10003001,0
1394,FUR-TA-10002958,2
1395,FUR-TA-10001676,2
1396,OFF-BI-10000822,3
1399,OFF-PA-10004888,0
1402,FUR-TA-10002622,2
1403,OFF-PA-10000418,0
1405,FUR-TA-10001039,2
1407,OFF-AR-10002240,0
1413,OFF-BI-10002867,3
1415,FUR-FU-10003976,2
1416,TEC-PH-10002922,1
1419,OFF-PA-10000501,0
1421,OFF-AP-10004980,0
1424,TEC-PH-10001750,1
1428,OFF-BI-10003708,3
1431,OFF-BI-10001191,3
1434,OFF-PA-10003673,0
1435,OFF-PA-10001639,0
1437,TEC-AC-10004975,1
1439,OFF-BI-10004364,3
1440,OFF-PA-10001712,0
1446,FUR-CH-10004289,2
1447,TEC-PH-10002564,1
1448,OFF-BI-10004876,3
1449,TEC-PH-10004348,1
1450,OFF-BI-10004352,3
1452,OFF-BI-10000666,3
1454,TEC-MA-10000010,1
1455,OFF-BI-10000977,3
1456,FUR-TA-10002530,2
1459,FUR-FU-10001473,2
1460,OFF-BI-10001765,3
1468,FUR-CH-10000847,2
1470,OFF-PA-10001293,0
1471,OFF-AR-10000634,0
1473,FUR-FU-10004270,2
1474,OFF-AR-10003770,0
1476,OFF-LA-10003121,0
1479,OFF-PA-10002262,0
1480,OFF-PA-10002464,0
1481,OFF-ST-10002214,0
1483,OFF-PA-10000130,0
1484,TEC-AC-10000865,1
1485,OFF-FA-10003021,0
1486,TEC-PH-10003580,1
1487,TEC-AC-10001109,1
1491,OFF-PA-10001838,0
1496,OFF-ST-10004950,3
1500,OFF-PA-10003823,0
1502,TEC-PH-10001300,1
1505,FUR-TA-10003715,2
1507,TEC-MA-10004458,1
1508,OFF-BI-10004965,3
1520,OFF-AR-10001419,0
1522,OFF-PA-10002586,0
1526,OFF-AR-10002221,0
1527,FUR-FU-10002456,2
1528,OFF-FA-10004968,0
1529,OFF-PA-10001274,0
1530,OFF-PA-10001125,0
1531,OFF-ST-10000344,0
1533,OFF-ST-10003324,0
1535,OFF-ST-10000419,0
1536,OFF-AP-10001626,0
1541,FUR-FU-10003981,2
1548,OFF-ST-10001291,0
1550,OFF-AP-10004868,0
1552,OFF-LA-10002195,0
1554,OFF-AR-10001315,0
1556,OFF-EN-10003134,0
1557,OFF-AR-10001955,0
1560,OFF-LA-10001641,0
1564,OFF-ST-10001370,0
1566,TEC-AC-10003038,1
1567,OFF-BI-10000088,3
1569,OFF-AR-10003504,0
1571,OFF-EN-10003160,0
1572,TEC-AC-10003280,1
1574,TEC-PH-10000169,1
1577,OFF-PA-10001526,0
1578,OFF-AP-10004336,0
1586,OFF-PA-10001357,0
1587,OFF-FA-10000992,0
1590,OFF-AR-10001221,0
1592,TEC-PH-10004830,1
1593,OFF-PA-10004519,0
1594,FUR-BO-10000362,2
1597,OFF-PA-10000308,0
1598,OFF-SU-10001165,0
1601,FUR-FU-10001488,2
1602,OFF-AR-10003251,0
1603,OFF-AR-10001044,0
1605,OFF-AR-10000823,0
1606,OFF-AR-10004456,0
1609,OFF-BI-10000591,3
1611,TEC-PH-10000441,1
1614,TEC-AC-10004855,1
1617,OFF-AR-10001915,0
1618,OFF-ST-10000352,0
1619,OFF-PA-10000575,0
1620,FUR-FU-10002937,2
1623,TEC-AC-10003063,1
1628,FUR-FU-10004415,2
1630,OFF-ST-10002011,0
1637,TEC-PH-10000038,1
1638,OFF-PA-10002689,0
1644,TEC-CO-10001766,1
1645,OFF-PA-10004359,0
1647,OFF-FA-10001135,0
1648,OFF-BI-10004224,3
1649,TEC-PH-10003357,1
1650,OFF-PA-10004475,0
1651,OFF-PA-10003001,0
1654,OFF-FA-10000611,0
1655,OFF-BI-10001116,3
1658,TEC-PH-10004922,1
1662,OFF-BI-10002353,3
1665,OFF-FA-10002676,0
1666,TEC-AC-10003023,1
1667,OFF-PA-10000167,0
1670,TEC-PH-10002185,1
1680,FUR-FU-10000758,2
1681,TEC-MA-10004679,1
1684,OFF-AP-10002495,0
1686,OFF-BI-10002414,3
1693,TEC-AC-10003133,1
1694,TEC-AC-10002006,1
1698,OFF-LA-10002381,0
1703,OFF-FA-10001843,0
1706,OFF-LA-10003077,0
1708,OFF-PA-10003424,0
1712,OFF-PA-10004405,0
1714,FUR-BO-10003965,2
1718,FUR-FU-10002088,2
1722,TEC-AC-10000736,1
1723,FUR-BO-10003966,2
1724,OFF-AP-10000828,0
1725,OFF-AP-10002906,0
1726,OFF-AP-10003860,0
1727,FUR-TA-10001307,2
1730,OFF-PA-10001457,0
1734,OFF-AP-10002082,0
1739,TEC-AC-10003590,1
1741,OFF-PA-10004355,0
1747,OFF-PA-10004947,0
1750,FUR-TA-10004607,2
1754,OFF-PA-10003893,0
1756,TEC-PH-10001817,1
1760,FUR-BO-10000330,2
1761,OFF-BI-10001900,3
1762,FUR-BO-10003159,2
1765,FUR-FU-10001591,2
1766,OFF-LA-10002034,0
1773,OFF-BI-10001628,3
1774,OFF-ST-10000877,0
1775,OFF-AR-10004752,0
1777,OFF-PA-10000675,0
1781,OFF-PA-10001609,0
1786,TEC-PH-10001615,1
1789,TEC-AC-10004568,1
1791,FUR-CH-10001854,2
1792,OFF-AR-10000475,0
1796,TEC-PH-10000455,1
1800,OFF-PA-10001994,0
1804,TEC-AC-10002926,1
1808,TEC-PH-10004897,1
1809,FUR-FU-10001196,2
1810,OFF-PA-10000595,0
1815,OFF-LA-10000443,0
1817,OFF-LA-10001771,0
1818,OFF-AP-10001394,0
1819,FUR-FU-10002553,2
1820,OFF-AP-10004233,0
1822,FUR-CH-10004754,2
1823,OFF-PA-10000809,0
1826,FUR-FU-10002878,2
1827,TEC-PH-10002624,1
1829,TEC-PH-10002885,1
1830,TEC-PH-10000895,1
1833,TEC-MA-10000488,1
1834,OFF-PA-10003729,0
1839,OFF-AP-10001005,0
1841,FUR-CH-10000988,2
1843,FUR-FU-10001986,2
1846,FUR-FU-10004973,2
1849,OFF-ST-10000464,0
1851,OFF-PA-10000528,0
1853,OFF-PA-10003129,0
1855,OFF-AR-10003631,0
1857,OFF-BI-10002133,3
1859,TEC-PH-10004959,1
1860,FUR-BO-10001918,2
1864,FUR-FU-10001617,2
1865,TEC-PH-10002824,1
1867,OFF-PA-10003309,0
1868,OFF-ST-10002554,0
1870,OFF-AR-10002067,0
1872,FUR-TA-10004175,2
1873,FUR-TA-10004767,2
1880,OFF-EN-10002621,0
1884,OFF-LA-10003714,0
1885,FUR-FU-10001889,2
1891,OFF-AR-10003723,0
1893,OFF-PA-10000241,0
1894,OFF-AR-10001446,0
1896,OFF-BI-10001359,3
1897,OFF-EN-10001749,0
1898,OFF-BI-10004390,3
1901,TEC-PH-10004924,1
1903,FUR-CH-10000155,2
1906,OFF-BI-10001757,3
1908,FUR-FU-10004093,2
1909,FUR-FU-10001037,2
1911,OFF-PA-10001878,0
1912,TEC-MA-10003674,1
1914,OFF-LA-10003190,0
1918,TEC-PH-10001809,1
1919,OFF-BI-10003091,3
1920,FUR-CH-10003981,2
1921,OFF-ST-10002562,0
1922,TEC-PH-10004345,1
1926,TEC-PH-10001198,1
1928,OFF-PA-10001972,0
1931,TEC-PH-10002483,1
1932,FUR-BO-10000468,2
1935,TEC-AC-10001284,1
1937,OFF-BI-10002082,3
1938,OFF-ST-10001505,0
1954,OFF-AR-10004582,0
1955,TEC-AC-10002842,1
1959,OFF-AP-10004785,0
1961,TEC-AC-10002217,1
1962,OFF-BI-10002954,3
1965,OFF-AP-10003281,0
1967,OFF-SU-10000898,0
1972,OFF-BI-10001249,3
1974,TEC-AC-10002718,1
1976,TEC-PH-10002352,1
1977,FUR-CH-10003774,2
1978,OFF-AR-10000127,0
1982,TEC-PH-10003811,1
1987,OFF-BI-10002393,3
1988,FUR-TA-10002855,2
1989,OFF-EN-10000781,0
1990,OFF-PA-10002160,0
1993,OFF-AR-10002257,0
1994,OFF-FA-10004395,0
1995,OFF-AP-10002534,0
2007,FUR-BO-10003034,2
2012,OFF-ST-10000943,0
2014,OFF-PA-10000533,0
2029,OFF-ST-10001172,0
2038,OFF-PA-10001661,0
2042,OFF-BI-10004817,3
2051,FUR-CH-10003833,2
2053,FUR-FU-10003142,2
2055,TEC-AC-10001114,1
2059,OFF-FA-10002975,0
2060,OFF-ST-10003996,0
2061,OFF-BI-10002571,3
2062,OFF-PA-10000477,0
2063,OFF-BI-10004209,3
2068,TEC-AC-10002800,1
2069,FUR-TA-10003954,2
2073,TEC-AC-10003289,1
2074,TEC-PH-10002468,1
2079,OFF-PA-10001295,0
2085,OFF-LA-10000248,0
2088,OFF-FA-10004076,0
2089,OFF-LA-10004008,0
2094,OFF-AR-10001177,0
2095,OFF-BI-10001718,3
2096,OFF-AR-10004602,0
2100,OFF-ST-10000078,0
2109,OFF-AR-10004272,0
2113,TEC-PH-10001578,1
2114,OFF-ST-10003638,0
2115,FUR-BO-10002213,2
2124,OFF-EN-10003040,0
2125,TEC-PH-10000923,1
2127,FUR-FU-10003623,2
2129,OFF-AP-10000124,0
2130,OFF-AR-10004511,0
2132,OFF-PA-10003883,0
2135,TEC-PH-10002807,1
2136,FUR-FU-10002364,2
2140,OFF-SU-10001664,0
2141,FUR-TA-10003238,2
2149,TEC-PH-10001536,1
2158,OFF-AR-10004956,0
2161,OFF-AR-10003696,0
2164,OFF-PA-10000551,0
2172,OFF-BI-10004506,3
2175,OFF-PA-10000740,0
2181,FUR-CH-10002084,2
2190,OFF-AP-10000692,0
2194,OFF-AP-10000252,0
2203,FUR-FU-10004748,2
2205,OFF-AR-10000538,0
2209,TEC-PH-10001079,1
2211,OFF-AP-10003842,0
2216,FUR-CH-10000553,2
2217,OFF-AR-10003469,0
2224,OFF-PA-10003790,0
2225,FUR-BO-10002202,2
2230,OFF-AP-10002765,0
2232,OFF-ST-10003692,0
2233,TEC-PH-10001051,1
2236,OFF-AR-10000817,0
2237,OFF-SU-10000952,0
2238,FUR-FU-10004597,2
2240,OFF-BI-10002982,3
2247,OFF-PA-10004285,0
2250,OFF-AP-10001391,0
2255,TEC-PH-10001944,1
2258,OFF-PA-10001776,0
2263,TEC-AC-10004145,1
2266,OFF-PA-10003919,0
2267,OFF-PA-10002001,0
2268,OFF-PA-10002787,0
2271,OFF-ST-10003123,0
2272,FUR-FU-10000308,2
2273,TEC-CO-10003763,1
2274,FUR-TA-10001866,2
2284,OFF-AP-10002222,0
2285,OFF-PA-10003971,0
2286,OFF-AP-10004036,0
2287,OFF-AP-10002287,0
2289,FUR-TA-10001950,2
2297,TEC-PH-10001527,1
2318,TEC-AC-10003095,1
2320,TEC-AC-10000358,1
2328,OFF-EN-10004147,0
2329,FUR-FU-10001468,2
2331,OFF-PA-10000380,0
2336,OFF-AP-10000026,0
2337,OFF-PA-10003936,0
2341,FUR-FU-10002501,2
2344,OFF-AP-10001205,0
2346,OFF-BI-10004141,3
2349,OFF-BI-10000632,3
2355,TEC-AC-10004864,1
2356,TEC-MA-10000597,1
2360,OFF-PA-10002960,0
2361,OFF-PA-10000919,0
2362,OFF-BI-10001553,3
2364,OFF-AP-10004540,0
2366,FUR-CH-10001714,2
2368,FUR-FU-10002298,2
2369,OFF-AR-10000315,0
2372,OFF-FA-10000936,0
2377,OFF-SU-10004768,0
2380,OFF-PA-10002581,0
2382,OFF-AP-10002403,0
2383,OFF-AR-10003087,0
2385,TEC-PH-10000141,1
2386,TEC-CO-10000971,1
2387,OFF-FA-10001229,0
2388,OFF-BI-10002437,3
2389,OFF-PA-10004255,0
2390,OFF-PA-10001184,0
2391,TEC-AC-10002637,1
2403,FUR-BO-10000780,2
2408,TEC-PH-10003072,1
2418,TEC-MA-10000112,1
2420,TEC-AC-10004171,1
2425,FUR-TA-10002645,2
2427,OFF-BI-10003784,3
2428,OFF-BI-10001617,3
2432,FUR-CH-10002439,2
2435,OFF-AP-10003057,0
2437,FUR-TA-10000849,2
2444,OFF-EN-10002973,0
2449,OFF-BI-10003963,3
2450,OFF-LA-10000081,0
2466,OFF-PA-10000726,0
2468,OFF-PA-10004983,0
2470,FUR-FU-10002107,2
2473,FUR-CH-10001190,2
2474,TEC-AC-10000682,1
2475,OFF-LA-10004545,0
2479,OFF-SU-10002557,0
2482,TEC-PH-10000912,1
2486,OFF-ST-10001837,0
2487,OFF-AR-10001473,0
2489,TEC-PH-10001835,1
2490,OFF-PA-10002245,0
2499,OFF-EN-10004483,0
2505,OFF-SU-10000151,0
2507,OFF-AP-10001293,0
2508,TEC-PH-10000675,1
2510,OFF-ST-10003470,0
2518,OFF-LA-10004559,0
2520,OFF-AP-10002651,0
2525,TEC-AC-10002550,1
2531,OFF-BI-10000829,3
2538,TEC-PH-10002555,1
2543,FUR-BO-10003450,2
2551,FUR-FU-10004665,2
2554,TEC-PH-10000369,1
2555,TEC-AC-10001590,1
2556,FUR-FU-10004909,2
2558,FUR-BO-10004357,2
2563,TEC-AC-10000387,1
2566,OFF-BI-10001308,3
2577,OFF-AP-10002734,0
2578,FUR-FU-10004587,2
2582,TEC-PH-10004833,1
2583,FUR-FU-10001847,2
2587,FUR-FU-10002045,2
2590,FUR-FU-10004671,2
2591,FUR-TA-10003569,2
2598,OFF-PA-10001752,0
2602,TEC-MA-10003356,1
2606,OFF-AR-10003727,0
2607,TEC-AC-10001635,1
2616,OFF-LA-10003663,0
2623,TEC-CO-10004722,1
2628,TEC-MA-10002210,1
2629,OFF-BI-10003196,3
2632,FUR-CH-10002017,2
2634,FUR-FU-10003829,2
2637,OFF-PA-10000697,0
2639,OFF-AR-10004691,0
2646,OFF-BI-10000948,3
2647,OFF-PA-10000223,0
2653,OFF-PA-10000062,0
2654,FUR-BO-10003404,2
2655,OFF-BI-10004233,3
2660,TEC-PH-10002834,1
2671,FUR-CH-10003761,2
2672,OFF-PA-10004665,0
2681,OFF-BI-10001196,3
2682,TEC-MA-10002981,1
2683,TEC-PH-10003601,1
2687,OFF-BI-10002003,3
2688,OFF-PA-10003016,0
2691,OFF-PA-10002246,0
2692,TEC-PH-10002890,1
2696,TEC-MA-10003626,1
2697,TEC-MA-10002412,1
2699,OFF-AR-10003183,0
2703,OFF-PA-10002319,0
2706,OFF-PA-10001246,0
2707,OFF-PA-10001815,0
2708,FUR-FU-10001876,2
2715,TEC-PH-10000673,1
2717,TEC-PH-10002075,1
2735,TEC-PH-10003691,1
2739,OFF-SU-10000157,0
2740,TEC-AC-10004227,1
2747,TEC-AC-10004127,1
2749,FUR-CH-10002758,2
2750,OFF-ST-10000532,0
2761,TEC-AC-10003709,1
2763,OFF-BI-10003166,3
2765,OFF-ST-10004835,0
2766,OFF-AP-10000159,0
2768,OFF-AP-10001242,0
2779,TEC-AC-10003433,1
2783,TEC-PH-10003187,1
2786,OFF-FA-10002763,0
2804,OFF-PA-10004239,0
2807,OFF-PA-10004782,0
2811,FUR-FU-10001185,2
2824,OFF-PA-10003270,0
2828,OFF-PA-10002421,0
2830,OFF-PA-10002923,0
2831,OFF-ST-10001128,0
2836,OFF-PA-10000520,0
2847,FUR-FU-10003832,2
2852,FUR-FU-10000409,2
2859,TEC-PH-10004389,1
2866,OFF-SU-10000946,0
2869,FUR-FU-10001546,2
2889,OFF-PA-10000791,0
2892,OFF-PA-10003739,0
2894,FUR-FU-10000771,2
2905,OFF-ST-10002615,0
2906,OFF-PA-10000327,0
2911,OFF-EN-10003286,0
2912,OFF-AR-10003772,0
2917,OFF-AR-10003338,0
2925,FUR-FU-10002116,2
2940,FUR-CH-10000422,2
2944,FUR-FU-10002685,2
2946,FUR-FU-10004963,2
2947,OFF-BI-10000174,3
2951,FUR-CH-10004875,2
2952,FUR-FU-10000305,2
2954,TEC-PH-10001459,1
2965,FUR-FU-10002445,2
2975,OFF-PA-10000213,0
2976,FUR-CH-10001797,2
2979,OFF-PA-10003848,0
2985,FUR-FU-10000755,2
2997,FUR-FU-10000550,2
2999,TEC-MA-10004521,1
3002,OFF-BI-10003655,3
3004,OFF-AP-10003779,0
3019,OFF-FA-10002701,0
3027,OFF-BI-10002799,3
3036,OFF-AR-10003582,0
3038,FUR-FU-10004666,2
3042,OFF-EN-10002312,0
3043,FUR-CH-10002320,2
3045,OFF-AR-10001216,0
3050,FUR-FU-10003247,2
3059,FUR-TA-10003837,2
3062,TEC-PH-10002350,1
3063,TEC-AC-10000397,1
3066,TEC-AC-10004001,1
3067,OFF-PA-10001534,0
3071,FUR-FU-10002379,2
3089,TEC-PH-10000526,1
3092,OFF-PA-10001977,0
3102,FUR-BO-10003660,2
3103,OFF-BI-10001267,3
3104,OFF-PA-10002741,0
3107,OFF-PA-10001471,0
3112,TEC-MA-10001972,1
3120,FUR-FU-10003464,2
3127,OFF-PA-10004438,0
3132,FUR-FU-10004586,2
3136,TEC-PH-10004908,1
3145,FUR-CH-10004495,2
3151,TEC-MA-10000418,1
3154,OFF-BI-10004600,3
3160,OFF-BI-10004040,3
3163,OFF-AR-10001615,0
3165,TEC-PH-10001299,1
3174,OFF-AR-10004260,0
3186,OFF-EN-10004773,0
3189,OFF-BI-10001787,3
3190,OFF-ST-10002957,0
3195,OFF-FA-10001883,0
3198,TEC-PH-10001644,1
3207,OFF-LA-10000407,0
3208,TEC-AC-10000420,1
3225,OFF-EN-10004846,0
3226,OFF-SU-10003567,0
3233,OFF-ST-10002301,0
3239,TEC-PH-10003095,1
3243,TEC-PH-10004912,1
3247,OFF-AR-10000799,0
3260,OFF-PA-10004609,0
3268,TEC-PH-10003171,1
3286,OFF-AP-10000595,0
3290,TEC-AC-10003399,1
3295,TEC-MA-10002428,1
3301,TEC-PH-10001128,1
3328,OFF-PA-10001033,0
3331,TEC-AC-10000474,1
3333,FUR-FU-10002963,2
3336,FUR-FU-10000193,2
3338,OFF-BI-10000962,3
3339,OFF-AP-10002867,0
3351,FUR-BO-10002916,2
3354,FUR-TA-10004152,2
3361,FUR-FU-10000672,2
3368,FUR-BO-10002598,2
3379,OFF-PA-10004610,0
3380,FUR-FU-10000320,2
3383,FUR-CH-10003535,2
3403,FUR-FU-10003919,2
3427,OFF-PA-10000174,0
3431,FUR-FU-10002703,2
3452,TEC-PH-10002415,1
3454,OFF-AR-10000657,0
3455,OFF-PA-10004996,0
3479,OFF-PA-10003363,0
3493,TEC-AC-10002305,1
3494,TEC-AC-10000990,1
3507,FUR-BO-10001608,2
3512,FUR-BO-10000112,2
3524,TEC-PH-10004120,1
3527,OFF-BI-10003476,3
3532,TEC-MA-10002859,1
3545,OFF-AP-10001947,0
3549,OFF-LA-10001982,0
3555,TEC-PH-10003484,1
3563,OFF-PA-10000007,0
3564,OFF-PA-10000552,0
3574,OFF-AR-10004062,0
3578,OFF-ST-10000321,0
3597,TEC-AC-10002134,1
3621,TEC-PH-10004071,1
3635,OFF-PA-10004039,0
3643,OFF-AR-10001725,0
3644,OFF-AR-10004269,0
3645,OFF-BI-10003007,3
3647,OFF-SU-10002522,0
3650,TEC-AC-10004859,1
3656,TEC-AC-10002558,1
3659,FUR-FU-10001731,2
3660,OFF-SU-10004782,0
3667,OFF-SU-10000432,0
3669,OFF-LA-10004409,0
3671,OFF-ST-10001031,0
3680,OFF-LA-10000476,0
3682,OFF-AR-10002987,0
3691,TEC-CO-10001571,1
3693,FUR-FU-10003026,2
3698,OFF-ST-10001034,0
3712,TEC-AC-10000521,1
3717,OFF-SU-10003002,0
3731,TEC-PH-10000730,1
3756,FUR-CH-10004983,2
3773,OFF-FA-10001332,0
3776,TEC-AC-10001874,1
3785,OFF-BI-10000494,3
3795,FUR-TA-10003469,2
3796,OFF-AR-10003179,0
3800,FUR-CH-10003606,2
3809,FUR-CH-10003298,2
3812,OFF-LA-10003537,0
3821,OFF-PA-10000069,0
3836,OFF-PA-10004733,0
3840,TEC-AC-10004814,1
3843,OFF-SU-10002301,0
3848,OFF-BI-10004318,3
3853,FUR-FU-10004164,2
3858,TEC-AC-10001539,1
3860,TEC-PH-10002789,1
3861,OFF-BI-10004828,3
3863,OFF-AR-10001770,0
3864,FUR-FU-10004904,2
3883,FUR-FU-10002396,2
3895,TEC-AC-10002331,1
3901,TEC-AC-10001090,1
3910,FUR-BO-10004218,2
3911,TEC-PH-10001619,1
3916,OFF-PA-10000246,0
3923,OFF-PA-10001461,0
3931,OFF-AR-10004165,0
3936,OFF-EN-10001028,0
3952,TEC-PH-10003535,1
3959,FUR-FU-10001085,2
3964,OFF-AR-10003481,0
3969,OFF-PA-10002606,0
3976,FUR-FU-10003731,2
3987,OFF-AP-10001962,0
3988,FUR-FU-10003798,2
3997,OFF-AR-10002704,0
4001,TEC-AC-10002942,1
4003,TEC-MA-10001016,1
4007,TEC-AC-10001553,1
4009,FUR-FU-10001215,2
4017,OFF-PA-10002499,0
4024,TEC-PH-10003215,1
4053,OFF-LA-10002945,0
4063,OFF-AR-10002766,0
4068,TEC-PH-10004434,1
4088,FUR-BO-10000711,2
4098,OFF-BI-10001120,3
4100,OFF-AP-10004655,0
4110,FUR-BO-10004360,2
4120,TEC-AC-10000199,1
4128,TEC-MA-10001127,1
4144,OFF-AR-10001227,0
4168,FUR-CH-10000229,2
4184,FUR-BO-10002853,2
4189,OFF-PA-10004022,0
4191,OFF-PA-10004248,0
4213,OFF-PA-10001363,0
4214,OFF-BI-10003876,3
4215,OFF-EN-10004007,0
4217,FUR-BO-10003894,2
4221,TEC-MA-10001570,1
4225,FUR-FU-10003930,2
4231,OFF-PA-10000232,0
4237,OFF-AR-10001972,0
4238,OFF-AR-10004587,0
4240,OFF-AP-10001366,0
4263,OFF-BI-10000216,3
4277,TEC-MA-10001047,1
4282,OFF-LA-10003720,0
4312,TEC-MA-10003246,1
4318,FUR-FU-10000175,2
4329,OFF-PA-10000556,0
4333,TEC-AC-10003237,1
4335,OFF-EN-10003068,0
4347,FUR-FU-10004053,2
4360,OFF-PA-10000565,0
4371,OFF-LA-10000414,0
4374,OFF-AP-10002998,0
4383,FUR-BO-10004690,2
4402,OFF-AR-10002445,0
4423,FUR-BO-10003546,2
4434,FUR-TA-10003392,2
4436,OFF-AR-10003217,0
4441,OFF-ST-10001932,0
4442,OFF-AR-10001761,0
4452,OFF-EN-10003567,0
4463,OFF-PA-10003022,0
4473,FUR-TA-10004442,2
4477,OFF-ST-10000129,0
4479,OFF-PA-10004948,0
4483,OFF-PA-10001725,0
4503,TEC-PH-10000213,1
4516,OFF-PA-10000807,0
4519,OFF-ST-10003805,0
4526,OFF-PA-10004353,0
4542,OFF-EN-10004206,0
4550,OFF-LA-10003388,0
4561,TEC-PH-10000193,1
4562,FUR-FU-10002111,2
4576,OFF-ST-10000885,0
4579,OFF-PA-10002709,0
4581,FUR-FU-10003424,2
4586,OFF-BI-10003718,3
4588,FUR-FU-10002508,2
4593,OFF-AP-10004052,0
4603,OFF-PA-10003134,0
4630,FUR-FU-10000719,2
4633,FUR-BO-10003893,2
4639,TEC-CO-10001943,1
4642,FUR-CH-10000749,2
4648,OFF-PA-10003228,0
4660,TEC-AC-10001542,1
4678,TEC-AC-10004877,1
4687,TEC-PH-10001305,1
4720,OFF-PA-10000483,0
4729,TEC-AC-10000487,1
4753,TEC-AC-10002018,1
4755,OFF-PA-10004381,0
4763,OFF-EN-10001453,0
4770,OFF-SU-10001212,0
4781,OFF-BI-10000201,3
4787,TEC-AC-10004396,1
4800,OFF-AR-10002467,0
4813,FUR-FU-10002813,2
4823,TEC-MA-10000752,1
4858,FUR-FU-10004845,2
4871,OFF-FA-10000840,0
4892,OFF-AR-10001231,0
4908,TEC-PH-10004875,1
4917,FUR-CH-10001802,2
4935,TEC-PH-10003356,1
4952,OFF-AP-10002670,0
4958,OFF-FA-10003485,0
4996,OFF-AP-10000390,0
4999,OFF-PA-10002764,0
5003,OFF-PA-10000143,0
5006,TEC-MA-10000045,1
5013,OFF-ST-10000136,0
5014,TEC-PH-10004522,1
5016,TEC-PH-10002584,1
5027,FUR-CH-10004626,2
5086,TEC-PH-10000562,1
5112,FUR-FU-10001025,2
5115,OFF-LA-10004178,0
5122,OFF-PA-10003797,0
5191,OFF-EN-10003448,0
5221,OFF-AP-10000938,0
5241,OFF-SU-10004737,0
5244,FUR-TA-10001691,2
5268,TEC-MA-10003173,1
5294,OFF-LA-10000305,0
5307,TEC-PH-10002583,1
5309,OFF-AR-10003876,0
5355,OFF-PA-10003063,0
5369,OFF-PA-10003302,0
5380,TEC-MA-10000423,1
5412,TEC-AC-10004992,1
5417,OFF-BI-10004099,3
5423,OFF-PA-10001215,0
5425,TEC-AC-10003870,1
5434,OFF-AP-10000275,0
5438,FUR-FU-10003192,2
5441,OFF-PA-10000859,0
5444,OFF-AR-10000614,0
5456,OFF-FA-10000089,0
5459,FUR-TA-10001771,2
5484,FUR-CH-10002044,2
5542,FUR-TA-10001086,2
5558,OFF-PA-10000048,0
5565,TEC-MA-10002109,1
5573,OFF-PA-10003036,0
5574,TEC-PH-10001870,1
5584,OFF-ST-10002182,0
5585,TEC-PH-10001468,1
5599,OFF-AR-10004010,0
5602,OFF-ST-10003572,0
5613,OFF-ST-10003994,0
5628,FUR-CH-10001545,2
5637,FUR-FU-10004245,2
5649,OFF-EN-10002592,0
5663,OFF-AR-10000914,0
5751,OFF-LA-10003498,0
5780,TEC-MA-10003329,1
5811,FUR-FU-10000747,2
5837,TEC-PH-10004100,1
5838,OFF-ST-10000636,0
5841,TEC-PH-10003174,1
5861,OFF-PA-10001497,0
5888,OFF-PA-10001952,0
5912,OFF-SU-10004661,0
5952,OFF-PA-10001826,0
6041,TEC-MA-10001031,1
6069,TEC-MA-10003176,1
6091,TEC-AC-10002647,1
6116,TEC-PH-10002114,1
6125,OFF-PA-10001593,0
6158,TEC-AC-10004803,1
6178,OFF-PA-10001801,0
6235,TEC-PH-10000127,1
6249,OFF-AP-10001564,0
6274,TEC-AC-10004595,1
6281,FUR-FU-10002874,2
6299,FUR-FU-10003489,2
6363,TEC-MA-10002073,1
6365,TEC-PH-10004006,1
6396,OFF-BI-10000279,3
6409,OFF-PA-10000300,0
6426,OFF-BI-10004308,3
6428,TEC-PH-10004080,1
6522,OFF-PA-10001260,0
6528,OFF-ST-10004946,0
6555,OFF-PA-10002109,0
6574,TEC-MA-10004255,1
6581,FUR-FU-10003095,2
6673,FUR-FU-10000820,2
6675,TEC-MA-10002930,1
6698,OFF-PA-10003205,0
6707,OFF-LA-10002368,0
6764,TEC-MA-10003230,1
6774,OFF-PA-10000295,0
6783,OFF-SU-10004884,0
6798,FUR-FU-10002240,2
6813,FUR-FU-10001057,2
6844,FUR-CH-10002073,2
6903,OFF-AP-10003278,0
6931,TEC-PH-10002070,1
6936,FUR-FU-10000277,2
6938,TEC-AC-10004420,1
6943,TEC-PH-10004094,1
6951,TEC-MA-10002790,1
6989,OFF-AP-10001634,0
7019,OFF-PA-10001837,0
7038,OFF-AR-10003896,0
7060,OFF-BI-10002897,3
7158,OFF-PA-10001243,0
7202,FUR-FU-10003806,2
7237,TEC-MA-10000904,1
7251,OFF-LA-10002473,0
7269,FUR-FU-10003374,2
7292,TEC-MA-10001856,1
7421,OFF-ST-10003641,0
7484,OFF-AR-10004707,0
7600,TEC-MA-10004086,1
7641,TEC-MA-10001695,1
7672,FUR-FU-10002506,2
7688,TEC-AC-10004518,1
7722,OFF-AP-10000027,0
7755,OFF-PA-10002558,0
7773,TEC-AC-10000926,1
7864,OFF-PA-10001846,0
7914,TEC-MA-10003673,1
7967,FUR-BO-10001567,2
8043,FUR-FU-10001379,2
8100,TEC-MA-10000984,1
8106,OFF-AR-10000937,0
8211,FUR-FU-10002030,2
8221,OFF-FA-10000254,0
8264,OFF-AP-10004136,0
8330,TEC-AC-10002370,1
8336,OFF-AR-10003986,0
8366,OFF-SU-10004290,0
8477,TEC-MA-10004552,1
8702,OFF-PA-10000312,0
8751,OFF-PA-10001001,0
8815,OFF-PA-10001583,0
8872,TEC-MA-10002694,1
8877,TEC-MA-10004626,1
8924,TEC-PH-10004241,1
8940,OFF-SU-10003936,0
8942,TEC-MA-10003337,1
9120,OFF-PA-10000210,0
9147,OFF-AR-10003477,0
9185,FUR-CH-10002317,2
9214,OFF-LA-10004677,0
9319,FUR-CH-10002780,2
9378,OFF-EN-10001535,0
9455,TEC-MA-10003493,1
9456,TEC-AC-10002380,1
9521,TEC-PH-10002817,1
9562,TEC-MA-10003589,1
9604,OFF-AP-10003099,0
9673,TEC-PH-10002645,1
9935,OFF-ST-10001627,0
